path,size_bytes,sha256,extension
results/external_validation/14_FINAL_VALIDATION_QUICK_RUN_RESULTS.zip,22145,c04050a88e3787b89e6aadb75da4bd1cc55a3cfa925fd771889626e196f34eff,.zip
results/external_validation/15_PAPER_FINISHER_OUTPUT_ARCHIVE.zip,4098622,985b07432c347e7d2d65d54e5408d4c1eb1a4959680d287a2f4c6f41c7098c4a,.zip
results/external_validation/EXTERNAL_ONLY_QUICK_RUN_1_RESULTS.zip,28776,7e96a620ef3fbad19c16db5957a95f515182e86e64c1fa44bbe8711922e42c95,.zip
results/external_validation/EXTERNAL_V2_FIXED_QUICK_RUN_RESULTS.zip,53559,1f6448bf45fb045b96c74b4df2eb286506609be23658763f30a435047fb4cea5,.zip
results/external_validation/MASTER_RUN_CONFIGURED_RESULTS.zip,297893,4dcda7d28030d8e8105343cf647ba874ee2beb5da360b3da6b528ae3542bf7d2,.zip
results/external_validation/MASTER_RUN_EARLY_RESULTS.zip,281659,6296375549c37aefad634a434cc72617b3dd1801fb3f23278e7e38c613b70473,.zip
results/external_validation/TARGETED_RECOVERY_RESULTS.zip,18544,02dd9e6d7b1b10ee6c7fdb533f2516b23a32fdd2de62d7411a7ab9d2712e4e63,.zip
results/extracted/external_attempts_summary/agentdojo_metrics.csv,351,e88d795650aba864e3d1940cdf84fc20ad9e52c83b6c561736c5beb39a17b861,.csv
results/extracted/external_attempts_summary/agentdyn_metrics.csv,350,d5c1ae22ff5d870c6d7de09672cbe14cd4a9e779bff0daf84e359673924b458f,.csv
results/extracted/external_attempts_summary/bfcl_category_scores.csv,1,01ba4719c80b6fe911b091a7c05124b64eeece964e09c058ef8f9805daca546b,.csv
results/extracted/external_attempts_summary/bfcl_run_status.csv,1,01ba4719c80b6fe911b091a7c05124b64eeece964e09c058ef8f9805daca546b,.csv
results/extracted/external_attempts_summary/external_claim_checklist.csv,349,e86651cbca1ef7347ebe37816913b6899c3bb6c7252207d55f5db454d43eabe7,.csv
results/extracted/external_attempts_summary/external_model_summary.csv,1,01ba4719c80b6fe911b091a7c05124b64eeece964e09c058ef8f9805daca546b,.csv
results/extracted/external_attempts_summary/external_unified_evidence.csv,1,01ba4719c80b6fe911b091a7c05124b64eeece964e09c058ef8f9805daca546b,.csv
results/extracted/external_attempts_summary/mcp_run_status.csv,75,aca36240c05cacf6347f224e3ceaf2b7af4cd5b9bddb1eca4f8907ad1b68fbe8,.csv
results/extracted/external_attempts_summary/mlcl_status.csv,99,ec87db33232ee1f5a07fbb2642383ef2ae6fc1eec713f01f280252f13eb3a0cc,.csv
results/extracted/external_attempts_summary/tau_run_status.csv,1184,942f54d47cee69723eda42c8d90f01f10b7b3f1eac6167451b5da9dcaa7a27b9,.csv
results/extracted/external_attempts_summary/tau_summary.csv,1,01ba4719c80b6fe911b091a7c05124b64eeece964e09c058ef8f9805daca546b,.csv
results/extracted/external_attempts_summary/tau_trajectory_metrics.csv,1,01ba4719c80b6fe911b091a7c05124b64eeece964e09c058ef8f9805daca546b,.csv
results/extracted/final_integration_snapshot/20_unified_evidence_matrix.csv,394,d38c8ab620a242db242ff7194afcaaec6a599a7ad5da564188df9ad3cf9c21f0,.csv
results/extracted/final_integration_snapshot/21_hierarchical_summary.csv,1,01ba4719c80b6fe911b091a7c05124b64eeece964e09c058ef8f9805daca546b,.csv
results/extracted/final_integration_snapshot/22_claim_evidence_checklist.csv,556,694fd0732307656847acb01053186116ed7354cc0574cde76a42b89ae59aa6e1,.csv
results/extracted/final_integration_snapshot/MANUSCRIPT_FINAL_INTEGRATION.md,731,1e9665f6807de8c51179ff0a4dc42f3fea8fb786d4343e4203ce8c29d92ce188,.md
results/extracted/final_integration_snapshot/NiyamTrace-X_ELSEVIER_FINAL.pdf,518173,bb22c2cd192daeb257db7016ab097101f5dce4e31f99c9d151be9c807a9ff7c5,.pdf
results/extracted/final_integration_snapshot/NiyamTrace-X_IEEE_FINAL.pdf,616040,0a3940eb9b45219511ef07659d752a4db29915599bab97b3db95ffb0fb77137d,.pdf
results/extracted/final_integration_snapshot/NiyamTrace-X_SPRINGER_FINAL.pdf,673471,bd5bc31c4f66817c6154dd71da69372fdde9be49505fc1147ef8ce8eaf3d411b,.pdf
results/extracted/final_integration_snapshot/build_status.csv,126,4983b193b0e5cca94a4ecd016997d145a6ad68aa1bd28675f414093b17519d9e,.csv
results/extracted/final_integration_snapshot/optional_venue_template_status.csv,76,76fb8587b2084807e676212dfc98d73ed765b90f5cbf595d8fdef179802a2113,.csv
results/extracted/final_integration_snapshot/paper_audit.csv,149,bd81ea6f79021a2e9d769e69f06082a8440ddd3fe712783e1c273c84108c56d2,.csv
results/extracted/latest_external_check/00_endpoint_probe.csv,149,196060624bb014e3f81c0d4b52fd6bcc22a0239dc812c36e32208f5a42be767f,.csv
results/extracted/latest_external_check/10_bfcl_metrics.csv,1,01ba4719c80b6fe911b091a7c05124b64eeece964e09c058ef8f9805daca546b,.csv
results/extracted/latest_external_check/11_agentdojo_metrics.csv,339,c796a0ecf2e656006ebcea848fffb37d5d9755923566d373900c2a129ba979f0,.csv
results/extracted/latest_external_check/12_agentdyn_metrics.csv,365,16d7f8db8ff3f149ad40a6526d51d313dd9842f2f4b7f97a4fd1dc0fc8decc95,.csv
results/extracted/latest_external_check/13_mcp_status.csv,53,42342139ee2473ce29ce490530766cf76240ff3b0000b285c1114bd9b136c210,.csv
results/extracted/latest_external_check/14_tau_run_status.csv,989,73d66b2825e2b2873b984b00775326e330e14585d47ae24cd62574d3ebd6bcde,.csv
results/extracted/latest_external_check/14_tau_summary.csv,1,01ba4719c80b6fe911b091a7c05124b64eeece964e09c058ef8f9805daca546b,.csv
results/extracted/latest_external_check/14_tau_trajectory_metrics.csv,1,01ba4719c80b6fe911b091a7c05124b64eeece964e09c058ef8f9805daca546b,.csv
results/extracted/latest_external_check/20_external_unified_evidence.csv,1,01ba4719c80b6fe911b091a7c05124b64eeece964e09c058ef8f9805daca546b,.csv
results/extracted/latest_external_check/22_external_claim_checklist.csv,257,d089d9ca4230646a95c8170869b4fe87ea86564baf299cb57d55e335442ac21c,.csv
results/extracted/master_external_and_meta/MANUSCRIPT_INTEGRATION_NOTES.md,1288,f1693473eba55f4cbcb7bf5b60e43ec170721ea54655171a6fec0597b6a24396,.md
results/extracted/master_external_and_meta/master00_model_benchmark_support.csv,413,f91b8fd40b3f7eca09b95acf697db8c9bb83f08b39096dbd97ae0ba6e0a85090,.csv
results/extracted/master_external_and_meta/master00_model_endpoint_probe.csv,406,9bac84ca86dfd21513229186a49fbfea1670ba6d03da2e19223b06f6655f8ab9,.csv
results/extracted/master_external_and_meta/master09_anchor_v3_recall.png,116691,cce0b6e41f1774f6c020130612ad0076fa3ef4a1dd4e6959139c9887e9e3aeee,.png
results/extracted/master_external_and_meta/master09_attack_family.csv,290,b5aa04f1c8f18ed44eddb53ae7a0d6827293e1afbd9d46b4faac9150a72acf89,.csv
results/extracted/master_external_and_meta/master09_frozen2000_v3_audit.csv,203930,003e35bea712313c64aed80593abc0b53c98c1000cd60ab63714de37ee4095fb,.csv
results/extracted/master_external_and_meta/master09_frozen_audit_summary.csv,92,d302b75e738df292dff250d4b50699b2a69ddb3bd263a7fd8619dae221555794,.csv
results/extracted/master_external_and_meta/master09_group_bootstrap.csv,44529,cf102d223a70b6c98121c7d2b29dce9c4d962e20c74930609e1ad4ed104bd6d3,.csv
results/extracted/master_external_and_meta/master09_group_bootstrap_ci.csv,108,2ed33e632c056b5acf71fc9ac155d8e67afc8146ffa83149fb73a889657de62b,.csv
results/extracted/master_external_and_meta/master09_guard_summary.csv,140,af7536b9fcdedca28c717e62dcff43e4faf4eb306730f3f1d89b787f44382a7d,.csv
results/extracted/master_external_and_meta/master09_metamorphic_cases.csv,957279,ad8307147b817942a2a742b50dc495babb361cb334ecdddb04f4d53cb5619a0d,.csv
results/extracted/master_external_and_meta/master09_surface_invariance.csv,125640,fd18114e762f88c5768f129d23584c23d96623cb0748cb4ae9f3c0d792293745,.csv
results/extracted/master_external_and_meta/master09_targeted_regressions.csv,72,ee970aee6ce2597f59c127916a1d78340fba3f5276f02b32be44a916f91ca765,.csv
results/extracted/master_external_and_meta/master10_bfcl_effect_audit.csv,1,01ba4719c80b6fe911b091a7c05124b64eeece964e09c058ef8f9805daca546b,.csv
results/extracted/master_external_and_meta/master10_bfcl_report_scalars.csv,1,01ba4719c80b6fe911b091a7c05124b64eeece964e09c058ef8f9805daca546b,.csv
results/extracted/master_external_and_meta/master10_bfcl_run_status.csv,6467,759ecff616ef1e1b3b05ba7cf885a1da52055ff948b619fdcefd73fdca7b9c7f,.csv
results/extracted/master_external_and_meta/master11_agentdojo_effect_transfer.csv,1,01ba4719c80b6fe911b091a7c05124b64eeece964e09c058ef8f9805daca546b,.csv
results/extracted/master_external_and_meta/master11_agentdojo_parse_errors.csv,1,01ba4719c80b6fe911b091a7c05124b64eeece964e09c058ef8f9805daca546b,.csv
results/extracted/master_external_and_meta/master11_agentdojo_run_status.csv,202,e13d2b0c1c33e2ca5902671e4abd5c9ed748c54788ae5734e2b9c3354af2d269,.csv
results/extracted/master_external_and_meta/master11_agentdojo_traces.csv,1,01ba4719c80b6fe911b091a7c05124b64eeece964e09c058ef8f9805daca546b,.csv
results/extracted/master_external_and_meta/master11_agentsafetybench_run_status.csv,171,ee50da2bbddfc05027f37be5a59c529e3d88a6030694e8ba86ad9effcdd9038c,.csv
results/extracted/master_external_and_meta/master12_tau_parse_errors.csv,1,01ba4719c80b6fe911b091a7c05124b64eeece964e09c058ef8f9805daca546b,.csv
results/extracted/master_external_and_meta/master12_tau_run_status.csv,13452,f81e3787eb91dbc4df6d6dca9a8cb4d3fc5b47488b920a105b843d8416006f0d,.csv
results/extracted/master_external_and_meta/master12_tau_trajectory_effect_audit.csv,1,01ba4719c80b6fe911b091a7c05124b64eeece964e09c058ef8f9805daca546b,.csv
results/extracted/master_external_and_meta/master13_claim_evidence_checklist.csv,608,8ea911275b96930f78d489d8873e31005ef9bd4b402f5006b34b1143df77d136,.csv
results/extracted/master_external_and_meta/master13_unified_evidence_matrix.csv,442,2b9c4eef9a95623779e5031feb240e0c27abd71fe117eccfa1af8ab4eddf7989,.csv
results/extracted/master_external_and_meta/master13_within_benchmark_ranking.csv,463,772e1136c73161d8bc65dddf060eeca6b79bf7d5fb586bfdf047a520b5e4264c,.csv
results/extracted/master_external_and_meta/paper_multibenchmark_matrix.png,101498,9a5258d8c24268b31cd479ed5e244863ba6c1a45a25d27f93e7a4d82e74b7ae3,.png
results/extracted/merged_recovery_package/master_original/MANUSCRIPT_INTEGRATION_NOTES.md,1288,f1693473eba55f4cbcb7bf5b60e43ec170721ea54655171a6fec0597b6a24396,.md
results/extracted/merged_recovery_package/master_original/master00_model_benchmark_support.csv,413,f91b8fd40b3f7eca09b95acf697db8c9bb83f08b39096dbd97ae0ba6e0a85090,.csv
results/extracted/merged_recovery_package/master_original/master00_model_endpoint_probe.csv,406,9bac84ca86dfd21513229186a49fbfea1670ba6d03da2e19223b06f6655f8ab9,.csv
results/extracted/merged_recovery_package/master_original/master09_anchor_v3_recall.png,116691,cce0b6e41f1774f6c020130612ad0076fa3ef4a1dd4e6959139c9887e9e3aeee,.png
results/extracted/merged_recovery_package/master_original/master09_attack_family.csv,290,b5aa04f1c8f18ed44eddb53ae7a0d6827293e1afbd9d46b4faac9150a72acf89,.csv
results/extracted/merged_recovery_package/master_original/master09_frozen2000_v3_audit.csv,203930,003e35bea712313c64aed80593abc0b53c98c1000cd60ab63714de37ee4095fb,.csv
results/extracted/merged_recovery_package/master_original/master09_frozen_audit_summary.csv,92,d302b75e738df292dff250d4b50699b2a69ddb3bd263a7fd8619dae221555794,.csv
results/extracted/merged_recovery_package/master_original/master09_group_bootstrap.csv,44529,cf102d223a70b6c98121c7d2b29dce9c4d962e20c74930609e1ad4ed104bd6d3,.csv
results/extracted/merged_recovery_package/master_original/master09_group_bootstrap_ci.csv,108,2ed33e632c056b5acf71fc9ac155d8e67afc8146ffa83149fb73a889657de62b,.csv
results/extracted/merged_recovery_package/master_original/master09_guard_summary.csv,140,af7536b9fcdedca28c717e62dcff43e4faf4eb306730f3f1d89b787f44382a7d,.csv
results/extracted/merged_recovery_package/master_original/master09_metamorphic_cases.csv,957279,ad8307147b817942a2a742b50dc495babb361cb334ecdddb04f4d53cb5619a0d,.csv
results/extracted/merged_recovery_package/master_original/master09_surface_invariance.csv,125640,fd18114e762f88c5768f129d23584c23d96623cb0748cb4ae9f3c0d792293745,.csv
results/extracted/merged_recovery_package/master_original/master09_targeted_regressions.csv,72,ee970aee6ce2597f59c127916a1d78340fba3f5276f02b32be44a916f91ca765,.csv
results/extracted/merged_recovery_package/master_original/master10_bfcl_effect_audit.csv,1,01ba4719c80b6fe911b091a7c05124b64eeece964e09c058ef8f9805daca546b,.csv
results/extracted/merged_recovery_package/master_original/master10_bfcl_report_scalars.csv,1,01ba4719c80b6fe911b091a7c05124b64eeece964e09c058ef8f9805daca546b,.csv
results/extracted/merged_recovery_package/master_original/master10_bfcl_run_status.csv,6467,759ecff616ef1e1b3b05ba7cf885a1da52055ff948b619fdcefd73fdca7b9c7f,.csv
results/extracted/merged_recovery_package/master_original/master11_agentdojo_effect_transfer.csv,1,01ba4719c80b6fe911b091a7c05124b64eeece964e09c058ef8f9805daca546b,.csv
results/extracted/merged_recovery_package/master_original/master11_agentdojo_parse_errors.csv,1,01ba4719c80b6fe911b091a7c05124b64eeece964e09c058ef8f9805daca546b,.csv
results/extracted/merged_recovery_package/master_original/master11_agentdojo_run_status.csv,202,e13d2b0c1c33e2ca5902671e4abd5c9ed748c54788ae5734e2b9c3354af2d269,.csv
results/extracted/merged_recovery_package/master_original/master11_agentdojo_traces.csv,1,01ba4719c80b6fe911b091a7c05124b64eeece964e09c058ef8f9805daca546b,.csv
results/extracted/merged_recovery_package/master_original/master11_agentsafetybench_run_status.csv,171,ee50da2bbddfc05027f37be5a59c529e3d88a6030694e8ba86ad9effcdd9038c,.csv
results/extracted/merged_recovery_package/master_original/master12_tau_parse_errors.csv,1,01ba4719c80b6fe911b091a7c05124b64eeece964e09c058ef8f9805daca546b,.csv
results/extracted/merged_recovery_package/master_original/master12_tau_run_status.csv,13452,f81e3787eb91dbc4df6d6dca9a8cb4d3fc5b47488b920a105b843d8416006f0d,.csv
results/extracted/merged_recovery_package/master_original/master12_tau_trajectory_effect_audit.csv,1,01ba4719c80b6fe911b091a7c05124b64eeece964e09c058ef8f9805daca546b,.csv
results/extracted/merged_recovery_package/master_original/master13_claim_evidence_checklist.csv,608,8ea911275b96930f78d489d8873e31005ef9bd4b402f5006b34b1143df77d136,.csv
results/extracted/merged_recovery_package/master_original/master13_unified_evidence_matrix.csv,442,2b9c4eef9a95623779e5031feb240e0c27abd71fe117eccfa1af8ab4eddf7989,.csv
results/extracted/merged_recovery_package/master_original/master13_within_benchmark_ranking.csv,463,772e1136c73161d8bc65dddf060eeca6b79bf7d5fb586bfdf047a520b5e4264c,.csv
results/extracted/merged_recovery_package/master_original/paper_multibenchmark_matrix.png,101498,9a5258d8c24268b31cd479ed5e244863ba6c1a45a25d27f93e7a4d82e74b7ae3,.png
results/extracted/merged_recovery_package/merged/MANUSCRIPT_INTEGRATION_UPDATE.md,1842,7a7deb0d92de9abe4ec43aee86586fcdc908a11ea106a3731ee22bffd78debac,.md
results/extracted/merged_recovery_package/merged/MERGE_SUMMARY.json,874,8d37212826558cacd2c9812e2be301694d29ebebcf03e2879ef7e49e31ddf7d4,.json
results/extracted/merged_recovery_package/merged/PACKAGE_SHA256_MANIFEST.csv,6386,935c39cc18f79fa54eaac3bb22c70e327a79daf6a116a3ad4e9409416d779f92,.csv
results/extracted/merged_recovery_package/merged/merged_unified_evidence.csv,1694,07c481451c916d937f52f8bddcd79b6855c4301872fbdd4610a844ad5e2cb3a4,.csv
results/extracted/merged_recovery_package/merged/recovery_failures_retained.csv,467,6ef96fc58c63e2d9eeaae67a7ec9cf2e6373a18510dfcbf7c14a030dce7449f9,.csv
results/extracted/merged_recovery_package/merged/recovery_provider_preflight.csv,440,0de9a89705511f875efa14938971db813212d900b74a1690dcafd5254d76cf95,.csv
results/extracted/merged_recovery_package/merged/tau3_recovered_quick_results.csv,688,95ba6281a0726006975a3e21554a5fe29f2180e5ed08ec4eaee3beb407ce72d2,.csv
results/extracted/merged_recovery_package/merged/updated_claim_evidence_checklist.csv,758,53280fb6ba7bc2ff2f7866e333747d06625db1d6bc1bf2438aa1c85eb81def04,.csv
results/extracted/merged_recovery_package/recovery_addition/00_recovery_preflight.csv,440,0de9a89705511f875efa14938971db813212d900b74a1690dcafd5254d76cf95,.csv
results/extracted/merged_recovery_package/recovery_addition/10_bfcl_recovery_metrics.csv,1,01ba4719c80b6fe911b091a7c05124b64eeece964e09c058ef8f9805daca546b,.csv
results/extracted/merged_recovery_package/recovery_addition/10_bfcl_recovery_status.csv,1,01ba4719c80b6fe911b091a7c05124b64eeece964e09c058ef8f9805daca546b,.csv
results/extracted/merged_recovery_package/recovery_addition/11_dojo_recovery_metrics.csv,1,01ba4719c80b6fe911b091a7c05124b64eeece964e09c058ef8f9805daca546b,.csv
results/extracted/merged_recovery_package/recovery_addition/11_dojo_recovery_status.csv,241,0f056094a30f8258c60cb6c02c3a48b541a0693bd39f99ab20fbb7c2c7d2ef31,.csv
results/extracted/merged_recovery_package/recovery_addition/14_tau_glm_airline_attempts.json,132,ad3e572e150b00af7a1a68f5cae368bf1fee113be15c4e433b016bc6bd8ad42f,.json
results/extracted/merged_recovery_package/recovery_addition/14_tau_glm_recovery_cases.csv,1,01ba4719c80b6fe911b091a7c05124b64eeece964e09c058ef8f9805daca546b,.csv
results/extracted/merged_recovery_package/recovery_addition/14_tau_glm_recovery_status.csv,185,7060a9036d97c458f85fa0780b8f1796a18d12b5d3cdb2ba210ba27d1ce57c37,.csv
results/extracted/merged_recovery_package/recovery_addition/14_tau_glm_retail_attempts.json,131,2eca0fb9608e63a5ca759b0591042a6ae47d0037aabfa88f838e34b80f8ab410,.json
results/extracted/merged_recovery_package/recovery_addition/14_tau_glm_telecom_attempts.json,132,ac879f2d6446c8800859e6f9c34bb35ba05b42a3fff201a2c72171cb1224d992,.json
results/extracted/merged_recovery_package/recovery_addition/20_recovery_summary.csv,356,91d4d5c6ebffb53f363ddbfff2e1301112292a5b8f6ccdf06327a6e06d3dbc6c,.csv
results/extracted/merged_recovery_package/recovery_addition/20_recovery_unified_evidence.csv,337,83b4d6be0987049c1a9128e42e97e8fefc93035cb0fe3a154e2ca53df219bf3a,.csv
results/extracted/merged_recovery_package/recovery_addition/20_tau_merged_cases.csv,454,0e91a3d513684aa6b8c5a727831a5b6f45fefafeea8d58db48e23f20dcda93cf,.csv
results/extracted/merged_recovery_package/recovery_addition/22_recovery_claim_checklist.csv,197,f3e0b096be614dd886803ba8a5847c74a4420ebbad7601a0fd979b37838ddc65,.csv
results/extracted/merged_recovery_package/recovery_addition/23_failure_log_tails.json,48587,b8bcb1abc44a3e0c7bf2a4665704f416bee05807d5cc1f69e157e28a24568e99,.json
results/extracted/merged_recovery_package/recovery_addition/23_recovery_master_status.csv,467,6ef96fc58c63e2d9eeaae67a7ec9cf2e6373a18510dfcbf7c14a030dce7449f9,.csv
results/extracted/merged_recovery_package/recovery_addition/FINAL_MANIFEST.json,8994,8db156c303f02360a29f7882c776af1d707114a44529f0db1f1b8b6cb873b5d7,.json
results/extracted/merged_recovery_package/recovery_addition/SHA256SUMS.txt,6923,48d3144ba49b4741fcf9c8de10f5350cb5b26a5b48919c3fab777480017b2e8e,.txt
results/extracted/merged_recovery_package/recovery_addition/recovery_checkpoints.json,790,e18fc7cde6bd1daf46166e7a0551c3ce0ef35c11459fa29d5c527e01875f35ac,.json
results/extracted/merged_recovery_package/recovery_addition/user_uploaded_recovery_package.zip,18544,02dd9e6d7b1b10ee6c7fdb533f2516b23a32fdd2de62d7411a7ab9d2712e4e63,.zip
results/extracted/recovery_analysis/00_recovery_preflight.csv,440,0de9a89705511f875efa14938971db813212d900b74a1690dcafd5254d76cf95,.csv
results/extracted/recovery_analysis/10_bfcl_recovery_metrics.csv,1,01ba4719c80b6fe911b091a7c05124b64eeece964e09c058ef8f9805daca546b,.csv
results/extracted/recovery_analysis/10_bfcl_recovery_status.csv,1,01ba4719c80b6fe911b091a7c05124b64eeece964e09c058ef8f9805daca546b,.csv
results/extracted/recovery_analysis/11_dojo_recovery_metrics.csv,1,01ba4719c80b6fe911b091a7c05124b64eeece964e09c058ef8f9805daca546b,.csv
results/extracted/recovery_analysis/11_dojo_recovery_status.csv,241,0f056094a30f8258c60cb6c02c3a48b541a0693bd39f99ab20fbb7c2c7d2ef31,.csv
results/extracted/recovery_analysis/14_tau_glm_recovery_cases.csv,1,01ba4719c80b6fe911b091a7c05124b64eeece964e09c058ef8f9805daca546b,.csv
results/extracted/recovery_analysis/14_tau_glm_recovery_status.csv,185,7060a9036d97c458f85fa0780b8f1796a18d12b5d3cdb2ba210ba27d1ce57c37,.csv
results/extracted/recovery_analysis/20_recovery_summary.csv,356,91d4d5c6ebffb53f363ddbfff2e1301112292a5b8f6ccdf06327a6e06d3dbc6c,.csv
results/extracted/recovery_analysis/20_recovery_unified_evidence.csv,337,83b4d6be0987049c1a9128e42e97e8fefc93035cb0fe3a154e2ca53df219bf3a,.csv
results/extracted/recovery_analysis/20_tau_merged_cases.csv,454,0e91a3d513684aa6b8c5a727831a5b6f45fefafeea8d58db48e23f20dcda93cf,.csv
results/extracted/recovery_analysis/22_recovery_claim_checklist.csv,197,f3e0b096be614dd886803ba8a5847c74a4420ebbad7601a0fd979b37838ddc65,.csv
results/extracted/recovery_analysis/23_recovery_master_status.csv,467,6ef96fc58c63e2d9eeaae67a7ec9cf2e6373a18510dfcbf7c14a030dce7449f9,.csv
results/extracted/stage_archives_extracted/NTX_Q1_01_Anchor_Stress_RESULTS/anchor_acceptance_gates.json,107,d8478b185fc346f47f18cd8ecbbb47a0781a5344c302af84ab77ac71d3ea7626,.json
results/extracted/stage_archives_extracted/NTX_Q1_01_Anchor_Stress_RESULTS/anchor_accuracy_by_relation.png,120111,3a0a934a7034facc64ebea8a49c23add331f52b073236e1facf28ab54fec2b28,.png
results/extracted/stage_archives_extracted/NTX_Q1_01_Anchor_Stress_RESULTS/anchor_by_language.csv,134,4fc685e48ea3e9cc716f0308a064a2f43b38a3b4547c2c014c0ef68e013e4b2d,.csv
results/extracted/stage_archives_extracted/NTX_Q1_01_Anchor_Stress_RESULTS/anchor_by_relation.csv,228,06a4e5d57581cd79feb8be02adbc32309051cf77f2ec9a7cb2f44837f539a81c,.csv
results/extracted/stage_archives_extracted/NTX_Q1_01_Anchor_Stress_RESULTS/anchor_case_results.csv,1603741,9e1626755e09952e8e321ef4405629c6e4758799421304d4ee518c1ee5d0f5c0,.csv
results/extracted/stage_archives_extracted/NTX_Q1_01_Anchor_Stress_RESULTS/anchor_external_template.csv,114,c3478e9aa5b13d39282ae430f1e73853677ebdac6a4fa75bda97aac1429fa43a,.csv
results/extracted/stage_archives_extracted/NTX_Q1_01_Anchor_Stress_RESULTS/anchor_overall_metrics.json,175,57ec1d7646c36ec927811b27f9859b56f00298a68b41c8de197f2e7a1880a9b5,.json
results/extracted/stage_archives_extracted/NTX_Q1_01_Anchor_Stress_RESULTS/anchor_stress_cases.csv,7519750,9daf2ec222a262bdc27b0daf056f2a38ac7606b246c9781f419c5f317322b788,.csv
results/extracted/stage_archives_extracted/NTX_Q1_01_Anchor_Stress_RESULTS/anchor_summary.csv,199,7cf70906c53b3c6f69e90c1b1f433379bb3ab56f4392d17dd586b180a2ecde08,.csv
results/extracted/stage_archives_extracted/NTX_Q1_01_Anchor_Stress_RESULTS/anchor_table.tex,269,7823e5474a89275e94a6885b10902d91b743f6b31d7becfc266ccc2c8b0ee6f3,.tex
results/extracted/stage_archives_extracted/NTX_Q1_02_SIL_IIEA_ABLATION_RESULTS/sil_iiea_ablation.csv,278,f63fd61795b51f6ab19a619835bf154f95e833d9a3e2abf61a58b56eebbc9a22,.csv
results/extracted/stage_archives_extracted/NTX_Q1_02_SIL_IIEA_ABLATION_RESULTS/sil_iiea_acceptance_gates.json,103,48541c246461b8bb7340554e511db1024bb0d9a3b13d63a9bd3710bd19e9cf7f,.json
results/extracted/stage_archives_extracted/NTX_Q1_02_SIL_IIEA_ABLATION_RESULTS/sil_iiea_case_results.csv,12989536,c4c752701b6b949fe547b85309203f9ce3a6779073f719d299d4b06abb47e786,.csv
results/extracted/stage_archives_extracted/NTX_Q1_02_SIL_IIEA_ABLATION_RESULTS/sil_iiea_cases.csv,4851937,ba0ea951df900d183463ac8bb5910ec48443ab9f9ff851a2d92375001eb16ad0,.csv
results/extracted/stage_archives_extracted/NTX_Q1_02_SIL_IIEA_ABLATION_RESULTS/sil_iiea_pairwise.csv,175,b4f65da31358ae7eff85b7136d38e7efea2c6582dbb59f0852829a9e9fe0562d,.csv
results/extracted/stage_archives_extracted/NTX_Q1_02_SIL_IIEA_ABLATION_RESULTS/sil_iiea_property_tests.json,150,49b1343c7954d6afd112c5c64e0336cf8d7b413f2970bd241450a6c9af924675,.json
results/extracted/stage_archives_extracted/NTX_Q1_02_SIL_IIEA_ABLATION_RESULTS/sil_iiea_table.tex,479,4a0d38f2613d00d9e57c03f752f89505481fcb5819a6a290e618321b69ac0fa9,.tex
results/extracted/stage_archives_extracted/NTX_Q1_02_SIL_IIEA_ABLATION_RESULTS/sil_iiea_unsafe_allow_ablation.png,73972,d3f58bede60c8ccac515ef5280e0ed21ebb12019d6eed2bf06bdcf3b10dd4cc5,.png
results/extracted/stage_archives_extracted/NTX_Q1_03_EXECUTION_BROKER_RESULTS/execution_attack_block_rate.png,114398,9297a382ee19bbe4adf9e449b803e51854054dd452beb22bf759fecb8d14f327,.png
results/extracted/stage_archives_extracted/NTX_Q1_03_EXECUTION_BROKER_RESULTS/execution_attack_matrix.csv,514,f4a78d4e6b41f3f5dbf67d31413b37e4c86f0b84f64a251167e9c349d75efe8d,.csv
results/extracted/stage_archives_extracted/NTX_Q1_03_EXECUTION_BROKER_RESULTS/execution_attack_summary.csv,280,8ddafbd8f0d7daef27a98b5b5de452f80a7922923daab53c0cb6b2adaa2316c2,.csv
results/extracted/stage_archives_extracted/NTX_Q1_03_EXECUTION_BROKER_RESULTS/execution_randomized_trials.csv,123462,87236a276e82db3858b1db0c9b2591397992a97d7af10f56dba0d8a0000ff8f4,.csv
results/extracted/stage_archives_extracted/NTX_Q1_03_EXECUTION_BROKER_RESULTS/execution_security_metrics.json,128,b863709884a9c10b9c0df06a7cdb15e4ed09eb0ed255ac16977ea7651058d113,.json
results/extracted/stage_archives_extracted/NTX_Q1_03_EXECUTION_BROKER_RESULTS/execution_table.tex,505,37b0adb2f638e465952923c8daa8a8cc44f7381b9a66ff8fb928808287c60f7c,.tex
results/extracted/stage_archives_extracted/NTX_Q1_04_STATS_REPRO_RESULTS/REPRODUCIBILITY_GAP.md,572,1692f9cb1f3a702d6e4f98914d152aab41b42dfc6f5bfd09ce54cf90632490c8,.md
results/extracted/stage_archives_extracted/NTX_Q1_04_STATS_REPRO_RESULTS/SHA256SUMS.txt,1035,167da4de873efebb328b9d960e850386f69d014589efc19ad25dee38b2a4d7b0,.txt
results/extracted/stage_archives_extracted/NTX_Q1_04_STATS_REPRO_RESULTS/clustered_bootstrap_if_available.json,2,44136fa355b3678a1146ad16f7e8649e94fb4fc21fe77e8310c060f61caaff8a,.json
results/extracted/stage_archives_extracted/NTX_Q1_04_STATS_REPRO_RESULTS/paper_aggregate_statistics.csv,349,0e657be37033564014121be2b96afb3f1c71e0668928df9c60dc110cd999ece9,.csv
results/extracted/stage_archives_extracted/NTX_Q1_04_STATS_REPRO_RESULTS/paper_language_statistics.csv,456,d18b9de215d1cd925f1dcfd0adb47c4f3de57cd70c89fbd1b6f6f2a8c6371471,.csv
results/extracted/stage_archives_extracted/NTX_Q1_04_STATS_REPRO_RESULTS/paper_mcnemar_tests.csv,149,3520d7cf6d05809501b74c92f5f8047093f2e5fbe200ef6125c9dbbf1de20329,.csv
results/extracted/stage_archives_extracted/NTX_Q1_04_STATS_REPRO_RESULTS/paper_semantic_decision_gap.png,108856,fdac222dc0b1b8cda239462cc115d03aa32905631558d8092bd89f835003d62b,.png
results/extracted/stage_archives_extracted/NTX_Q1_04_STATS_REPRO_RESULTS/paper_tables.tex,1014,c90a036557d18adc93958c4c5caf1452c798e993cf559b68fb990456e3efd486,.tex
results/extracted/stage_archives_extracted/NTX_Q1_04_STATS_REPRO_RESULTS/paper_zero_event_power.png,80438,eb432a9915522d0f5edb319c3a2a57455550293ca9e2363d97020fd7cc69882c,.png
results/extracted/stage_archives_extracted/NTX_Q1_04_STATS_REPRO_RESULTS/public_dataset_audit.json,512,ce3ee37b77ba43607a7ccec70caaaa37a4e3098c816c7e34e53b3525539d3743,.json
results/extracted/stage_archives_extracted/NTX_Q1_04_STATS_REPRO_RESULTS/public_dataset_language_audit.csv,140,5cf7c01e2a1862572752056e76d174017b3a0e173ebd16b081942c7bbb1888b0,.csv
results/extracted/stage_archives_extracted/NTX_Q1_04_STATS_REPRO_RESULTS/zero_event_sample_size.csv,110,d531d8cc7cfdfd6773b3c9574a03d3569cdf697fb0768588cca74a3eddf073c5,.csv
results/extracted/stage_archives_extracted/NTX_Q1_05_FROZEN_RUNTIME_ABLATION_RESULTS/exp05_ablation_table.tex,549,d545b92139441aa493f405e89a651cd7803dd40e2c176ef6892e433fde4b3311,.tex
results/extracted/stage_archives_extracted/NTX_Q1_05_FROZEN_RUNTIME_ABLATION_RESULTS/exp05_component_attribution.csv,357,fd483e1dd02d791ed6915db3c4d4078c7b11e8cc7c0560b8d1db28ba3baaace9,.csv
results/extracted/stage_archives_extracted/NTX_Q1_05_FROZEN_RUNTIME_ABLATION_RESULTS/exp05_cross_model_disagreements.csv,996,b783714fb4d577804545a11909e3f918eccb22255cb6ce8a3230e3675ee2f625,.csv
results/extracted/stage_archives_extracted/NTX_Q1_05_FROZEN_RUNTIME_ABLATION_RESULTS/exp05_frozen_ablation_accuracy.png,102768,ae8f8f54ddf6f657e19c46ba9b40352140c58d08126e045dbaa2f6fe62ed7591,.png
results/extracted/stage_archives_extracted/NTX_Q1_05_FROZEN_RUNTIME_ABLATION_RESULTS/exp05_gptoss_changed_cases.csv,597,df3148c45078cbc375ece5ff335aa53a064cfff4a9394efa5c966b433afae3f4,.csv
results/extracted/stage_archives_extracted/NTX_Q1_05_FROZEN_RUNTIME_ABLATION_RESULTS/exp05_group_cluster_bootstrap.csv,523,413ed2e194407b17763a9339b1774e57c2008a7ff338fe798a4aec1512baa50a,.csv
results/extracted/stage_archives_extracted/NTX_Q1_05_FROZEN_RUNTIME_ABLATION_RESULTS/exp05_manifest.json,560,dc6140f6ffe39655aea1238a2a21955fff61d5e5e72e7731e6ce066aa4530ac5,.json
results/extracted/stage_archives_extracted/NTX_Q1_05_FROZEN_RUNTIME_ABLATION_RESULTS/exp05_paired_transitions.csv,579,4fb570fabdda72400aeacd40f811d09c0d15d616db06b23ab42aad099cb47b8d,.csv
results/extracted/stage_archives_extracted/NTX_Q1_05_FROZEN_RUNTIME_ABLATION_RESULTS/exp05_qwen_changed_cases.csv,23354,776cd63e28052bf8a6f09b1446202212cc599102402a802d44022aad3364008f,.csv
results/extracted/stage_archives_extracted/NTX_Q1_05_FROZEN_RUNTIME_ABLATION_RESULTS/exp05_slice_metrics.csv,11712,4f273bb6a349a29a7c2776e4191d43a86028c2b614dc9d67cde6084bea8ffb91,.csv
results/extracted/stage_archives_extracted/NTX_Q1_05_FROZEN_RUNTIME_ABLATION_RESULTS/exp05_stage_metrics.csv,593,afe1c778509fb2db7a7da5ffa433cabaa22aa7a25ac6d986af125ec4e77bd29e,.csv
results/extracted/stage_archives_extracted/NTX_Q1_05_FROZEN_RUNTIME_ABLATION_RESULTS/exp05_unsafe_allow_by_stage.png,64853,d90e497de214e087947fdda4a6aa7ac418ed9ee1a2ea823cfd6ebdb5d8ff8036,.png
results/extracted/stage_archives_extracted/NTX_Q1_06_METAMORPHIC_ATTACK_LAB_RESULTS/exp06_detector_summary.csv,207,67c1e926b8a695d4fda490830d08825a1b913062c5511ce8efe81c43d1d6af6f,.csv
results/extracted/stage_archives_extracted/NTX_Q1_06_METAMORPHIC_ATTACK_LAB_RESULTS/exp06_detector_table.tex,223,be6f642dc171655f069d9f0af9d7ce8eb904ccdf23f078d0d43124a9a8247edb,.tex
results/extracted/stage_archives_extracted/NTX_Q1_06_METAMORPHIC_ATTACK_LAB_RESULTS/exp06_family_metrics.csv,1470,326924aa068cda7870f3f492d40c6d6623d7c969fa5ce7f1faf11b7702c2ba8c,.csv
results/extracted/stage_archives_extracted/NTX_Q1_06_METAMORPHIC_ATTACK_LAB_RESULTS/exp06_family_robustness.png,126967,20eb6a5b817b7806cb088574d3ef53d2f15494f0d8e0953b16568ca5ec600572,.png
results/extracted/stage_archives_extracted/NTX_Q1_06_METAMORPHIC_ATTACK_LAB_RESULTS/exp06_hardened_failures.jsonl,969850,6eeab2fde3dcb3c5dc7d8d64cf8afa8acabfe050c4136a146bdb0ee458d78f65,.jsonl
results/extracted/stage_archives_extracted/NTX_Q1_06_METAMORPHIC_ATTACK_LAB_RESULTS/exp06_manifest.json,535,2585aefc2d20225269f232a1c33b18791b1ea295df62c116fa2c01fc421a475b,.json
results/extracted/stage_archives_extracted/NTX_Q1_06_METAMORPHIC_ATTACK_LAB_RESULTS/exp06_metamorphic_cases.jsonl,14335286,87a6980c45650b692dc4724e1d35d1ea7b0b5794729b65063314f39826d56f5b,.jsonl
results/extracted/stage_archives_extracted/NTX_Q1_06_METAMORPHIC_ATTACK_LAB_RESULTS/exp06_property_checks.json,123,bba5a871308374b8c481647e42f4fdc230e2b2a6c12c650ba048d05c1f13a1d2,.json
results/extracted/stage_archives_extracted/NTX_Q1_06_METAMORPHIC_ATTACK_LAB_RESULTS/exp06_vendor_year_collision_regression.csv,1435,a94897567b89c768f8e5a344a296ed8d80a3190078126a341c95722e36f6dd96,.csv
results/extracted/stage_archives_extracted/NTX_Q1_07_VERIFIED_EXECUTION_BROKER_V2_RESULTS/exp07_attack_matrix.png,135156,e7f4196b512ab098ee36b582566852a9a984535de56b9a1047ad1699a6abbf95,.png
results/extracted/stage_archives_extracted/NTX_Q1_07_VERIFIED_EXECUTION_BROKER_V2_RESULTS/exp07_legacy_toctou_regression.json,127,303545caf40b478325f2b99e58094a3345a2232644c36ecb4a6e7592772f313f,.json
results/extracted/stage_archives_extracted/NTX_Q1_07_VERIFIED_EXECUTION_BROKER_V2_RESULTS/exp07_manifest.json,436,65ea02e9a3c9e505adcbd4d6de3e03eba8dabdc4434f1c57374d6d0381984b96,.json
results/extracted/stage_archives_extracted/NTX_Q1_07_VERIFIED_EXECUTION_BROKER_V2_RESULTS/exp07_randomized_attack_summary.csv,420,03db8532b146ef5e7570407bd077dd05920137daecc11539d39e24412ca08ab0,.csv
results/extracted/stage_archives_extracted/NTX_Q1_07_VERIFIED_EXECUTION_BROKER_V2_RESULTS/exp07_randomized_attack_trials.csv,227460,180ea8767e2db71432f74fd3daf7eb82aafaf664cbcd95ac11b9ebb71569b72d,.csv
results/extracted/stage_archives_extracted/NTX_Q1_08_RISK_CALIBRATED_AUTHORIZATION_RESULTS/exp08_calibration_risk_coverage_curve.csv,592,bdd85bdf1cf460b12f3e6aa76575debe6685525e188a288976f3d6474419050d,.csv
results/extracted/stage_archives_extracted/NTX_Q1_08_RISK_CALIBRATED_AUTHORIZATION_RESULTS/exp08_feature_coefficients.csv,415,3f5f65fa0b214b1abb588bb669095503024c1b640f1a23bb4f2fe3942a0f83e5,.csv
results/extracted/stage_archives_extracted/NTX_Q1_08_RISK_CALIBRATED_AUTHORIZATION_RESULTS/exp08_gpt_transfer.csv,331,bea0b49dc5821cdda0a5b4951f83bf5e4fa4608723b6006d1458917b3f294236,.csv
results/extracted/stage_archives_extracted/NTX_Q1_08_RISK_CALIBRATED_AUTHORIZATION_RESULTS/exp08_leakage_audit.json,455,5bebc187b7e25f5698aa8a4359915a248261faa038136edac7804c45ff4a60cc,.json
results/extracted/stage_archives_extracted/NTX_Q1_08_RISK_CALIBRATED_AUTHORIZATION_RESULTS/exp08_manifest.json,676,5457b760cbd86f7690946a07bbacec564c7e608e655e3cb8e7c64707a5af6d28,.json
results/extracted/stage_archives_extracted/NTX_Q1_08_RISK_CALIBRATED_AUTHORIZATION_RESULTS/exp08_policy_table.tex,415,0f33b0f338190ba5ab2a7c05cb62aa4c52e7a32c34fae3208efdbdc2f882d5a4,.tex
results/extracted/stage_archives_extracted/NTX_Q1_08_RISK_CALIBRATED_AUTHORIZATION_RESULTS/exp08_repeated_group_split_stability.csv,2993,39f7299250b2ecf1c15f4f2717f76e15f295be396c30561077ddaa62802fe8ca,.csv
results/extracted/stage_archives_extracted/NTX_Q1_08_RISK_CALIBRATED_AUTHORIZATION_RESULTS/exp08_risk_coverage_curve.png,92899,c59b65473c1803fbcb69da29f3ceb516271601c7bfcf1a4085b1b41d6e8f5915,.png
results/extracted/stage_archives_extracted/NTX_Q1_08_RISK_CALIBRATED_AUTHORIZATION_RESULTS/exp08_risk_score_distribution.png,73132,d49de0e36143acb064dfe605fb3ac7d190d9c71fab88bb635e5b72422b510539,.png
results/extracted/stage_archives_extracted/NTX_Q1_08_RISK_CALIBRATED_AUTHORIZATION_RESULTS/exp08_test_policy_comparison.csv,333,be587092a7c305ea89a7ac7379a507e740e1aa107117a61e862eef2db34241cf,.csv
results/extracted/stage_archives_extracted/NTX_Q1_08_RISK_CALIBRATED_AUTHORIZATION_RESULTS/exp08_test_slices.csv,1354,a289b61ec8dbf6ca79a96583bcc14c4ea5b2e06a39072e62e4416a7493824b5e,.csv
results/extracted/stage_archives_extracted/NTX_Q1_09_ANCHOR_LOCK_V3_RESULTS/exp09_anchor_v3_attack_recall.png,121043,b406225d17e1bde3c7a6d9477341c622ee5ae6cad6f7a9dd14bad5fb89aa2a51,.png
results/extracted/stage_archives_extracted/NTX_Q1_09_ANCHOR_LOCK_V3_RESULTS/exp09_attack_family_metrics.csv,290,b5aa04f1c8f18ed44eddb53ae7a0d6827293e1afbd9d46b4faac9150a72acf89,.csv
results/extracted/stage_archives_extracted/NTX_Q1_09_ANCHOR_LOCK_V3_RESULTS/exp09_attack_family_metrics.tex,615,c4565d46eb1c524201575882545c0104ee2b1bd1b92b91016624de71b1a2d5f8,.tex
results/extracted/stage_archives_extracted/NTX_Q1_09_ANCHOR_LOCK_V3_RESULTS/exp09_frozen2000_v3_audit.csv,259565,2762a0bf9a72a890e60cf4665b1aad7f11c872325e07831ecf1fdfff426a8822,.csv
results/extracted/stage_archives_extracted/NTX_Q1_09_ANCHOR_LOCK_V3_RESULTS/exp09_frozen_source_hashes.csv,1248,a6e9516ad5a98c7d191e52589aba4f0aabd807556c70cca177d2b442769e4836,.csv
results/extracted/stage_archives_extracted/NTX_Q1_09_ANCHOR_LOCK_V3_RESULTS/exp09_group_bootstrap.csv,231445,7119a9a9e5fc5a9d7bf9ebd5f7b1c6e43718a90ac19698a359f5839965991e25,.csv
results/extracted/stage_archives_extracted/NTX_Q1_09_ANCHOR_LOCK_V3_RESULTS/exp09_group_bootstrap_ci.csv,108,4568039f24deb41b7e980ae5274de1d25751e0f9014b619832d54d42e843d0b6,.csv
results/extracted/stage_archives_extracted/NTX_Q1_09_ANCHOR_LOCK_V3_RESULTS/exp09_guard_summary.csv,140,af7536b9fcdedca28c717e62dcff43e4faf4eb306730f3f1d89b787f44382a7d,.csv
results/extracted/stage_archives_extracted/NTX_Q1_09_ANCHOR_LOCK_V3_RESULTS/exp09_manifest.json,1568,ccedc1c575f01cbc94e814c172faa51fb2c159c96fcbc0f1d85441938542cd72,.json
results/extracted/stage_archives_extracted/NTX_Q1_09_ANCHOR_LOCK_V3_RESULTS/exp09_metamorphic_cases.csv,957279,ad8307147b817942a2a742b50dc495babb361cb334ecdddb04f4d53cb5619a0d,.csv
results/extracted/stage_archives_extracted/NTX_Q1_09_ANCHOR_LOCK_V3_RESULTS/exp09_surface_invariance.csv,125640,5fce95ff9918c329b3d1ebcc4f63c9f83f8d91f73ef2791de307dce4d43e5e1b,.csv
results/extracted/stage_archives_extracted/NTX_Q1_09_ANCHOR_LOCK_V3_RESULTS/exp09_targeted_regressions.csv,82,8fe26b61cca2ff612ad01d1e660a11e614f49ff347d947fbf7394ec55c044619,.csv
results/extracted/stage_archives_extracted/NTX_Q1_13_UNIFIED_MULTIBENCHMARK_META_RESULTS/exp13_claim_evidence_checklist.csv,369,1a39965ec743782566a5043fcb278dbd2f1f3cc9a3d52c575adeff78259262c2,.csv
results/extracted/stage_archives_extracted/NTX_Q1_13_UNIFIED_MULTIBENCHMARK_META_RESULTS/exp13_input_zip_status.csv,284,6e80771d781fd2708cd710b9068316fcf3aab1c37b62c83f24d5404fc1221dbc,.csv
results/extracted/stage_archives_extracted/NTX_Q1_13_UNIFIED_MULTIBENCHMARK_META_RESULTS/exp13_internal_reference.csv,203,b783d57d0150ce9a99fdccb8a4f35b425cad958aae410efbace36db8c90a067a,.csv
results/extracted/stage_archives_extracted/NTX_Q1_13_UNIFIED_MULTIBENCHMARK_META_RESULTS/exp13_manifest.json,1370,556fddb5cbd9c518cec903a0e24399f54d7cf3ac5deb2f3797955e6526f682fe,.json
results/extracted/stage_archives_extracted/NTX_Q1_13_UNIFIED_MULTIBENCHMARK_META_RESULTS/exp13_multibenchmark_matrix.png,104343,147c492b397e3f7ed1e4c4ab5ad379172234958a897dacb081dea9f7067518d6,.png
results/extracted/stage_archives_extracted/NTX_Q1_13_UNIFIED_MULTIBENCHMARK_META_RESULTS/exp13_multibenchmark_table.tex,648,5774884631d672e5792c7f3c0b28896ca6de1953d3e2dd1cffb4d283d5c930bb,.tex
results/extracted/stage_archives_extracted/NTX_Q1_13_UNIFIED_MULTIBENCHMARK_META_RESULTS/exp13_per_benchmark_ranking.csv,369,8c8b4eedb4f1c77046343bda1558f5f25ad101331e7367c4abe5e79eb1f84ae9,.csv
results/extracted/stage_archives_extracted/NTX_Q1_13_UNIFIED_MULTIBENCHMARK_META_RESULTS/exp13_unified_evidence_matrix.csv,363,11a4d06d1ede19deffce0f211346d7f2a453232f54cde680684606c072c70bd8,.csv
results/extracted/stage_archives_extracted/NTX_Q1_WAVE3_MASTER_ALL_FIVE_STAGES_RESULTS/MANUSCRIPT_INTEGRATION_NOTES.md,1288,f1693473eba55f4cbcb7bf5b60e43ec170721ea54655171a6fec0597b6a24396,.md
results/extracted/stage_archives_extracted/NTX_Q1_WAVE3_MASTER_ALL_FIVE_STAGES_RESULTS/MASTER_MANIFEST.json,6575,c1c099a9430252de748fdcedb7946d3d624ca3402e95a3f84475e485bb9e7729,.json
results/extracted/stage_archives_extracted/NTX_Q1_WAVE3_MASTER_ALL_FIVE_STAGES_RESULTS/SHA256SUMS.txt,3239,42868d3b62a9abc1058e233bef212f7f7ee8ffdd287a61f2891ccb7fe3b62ba3,.txt
results/extracted/stage_archives_extracted/NTX_Q1_WAVE3_MASTER_ALL_FIVE_STAGES_RESULTS/master09_anchor_v3_recall.png,116691,ac38f2e6cbae1a3155f6636f1b28cd435f5fcea0abd653fdb6beb751624ad006,.png
results/extracted/stage_archives_extracted/NTX_Q1_WAVE3_MASTER_ALL_FIVE_STAGES_RESULTS/master09_attack_family.csv,290,b5aa04f1c8f18ed44eddb53ae7a0d6827293e1afbd9d46b4faac9150a72acf89,.csv
results/extracted/stage_archives_extracted/NTX_Q1_WAVE3_MASTER_ALL_FIVE_STAGES_RESULTS/master09_frozen2000_v3_audit.csv,203930,003e35bea712313c64aed80593abc0b53c98c1000cd60ab63714de37ee4095fb,.csv
results/extracted/stage_archives_extracted/NTX_Q1_WAVE3_MASTER_ALL_FIVE_STAGES_RESULTS/master09_frozen_audit_summary.csv,92,d302b75e738df292dff250d4b50699b2a69ddb3bd263a7fd8619dae221555794,.csv
results/extracted/stage_archives_extracted/NTX_Q1_WAVE3_MASTER_ALL_FIVE_STAGES_RESULTS/master09_group_bootstrap.csv,44529,cf102d223a70b6c98121c7d2b29dce9c4d962e20c74930609e1ad4ed104bd6d3,.csv
results/extracted/stage_archives_extracted/NTX_Q1_WAVE3_MASTER_ALL_FIVE_STAGES_RESULTS/master09_group_bootstrap_ci.csv,108,2ed33e632c056b5acf71fc9ac155d8e67afc8146ffa83149fb73a889657de62b,.csv
results/extracted/stage_archives_extracted/NTX_Q1_WAVE3_MASTER_ALL_FIVE_STAGES_RESULTS/master09_guard_summary.csv,140,af7536b9fcdedca28c717e62dcff43e4faf4eb306730f3f1d89b787f44382a7d,.csv
results/extracted/stage_archives_extracted/NTX_Q1_WAVE3_MASTER_ALL_FIVE_STAGES_RESULTS/master09_metamorphic_cases.csv,957279,ad8307147b817942a2a742b50dc495babb361cb334ecdddb04f4d53cb5619a0d,.csv
results/extracted/stage_archives_extracted/NTX_Q1_WAVE3_MASTER_ALL_FIVE_STAGES_RESULTS/master09_surface_invariance.csv,125640,fd18114e762f88c5768f129d23584c23d96623cb0748cb4ae9f3c0d792293745,.csv
results/extracted/stage_archives_extracted/NTX_Q1_WAVE3_MASTER_ALL_FIVE_STAGES_RESULTS/master09_targeted_regressions.csv,72,ee970aee6ce2597f59c127916a1d78340fba3f5276f02b32be44a916f91ca765,.csv
results/extracted/stage_archives_extracted/NTX_Q1_WAVE3_MASTER_ALL_FIVE_STAGES_RESULTS/master10_bfcl_effect_audit.csv,1,01ba4719c80b6fe911b091a7c05124b64eeece964e09c058ef8f9805daca546b,.csv
results/extracted/stage_archives_extracted/NTX_Q1_WAVE3_MASTER_ALL_FIVE_STAGES_RESULTS/master10_bfcl_report_scalars.csv,1,01ba4719c80b6fe911b091a7c05124b64eeece964e09c058ef8f9805daca546b,.csv
results/extracted/stage_archives_extracted/NTX_Q1_WAVE3_MASTER_ALL_FIVE_STAGES_RESULTS/master10_bfcl_run_status.csv,106,ec16934ae3a563e9b06053c24749efe49368168c00ac178b27f015acdeba7f7d,.csv
results/extracted/stage_archives_extracted/NTX_Q1_WAVE3_MASTER_ALL_FIVE_STAGES_RESULTS/master10_mlcl_status.json,60,3864e2207d10bc750f81627d1a0181f86a6450ce25af71f38d459f56a4c5128b,.json
results/extracted/stage_archives_extracted/NTX_Q1_WAVE3_MASTER_ALL_FIVE_STAGES_RESULTS/master11_agentdojo_effect_transfer.csv,1,01ba4719c80b6fe911b091a7c05124b64eeece964e09c058ef8f9805daca546b,.csv
results/extracted/stage_archives_extracted/NTX_Q1_WAVE3_MASTER_ALL_FIVE_STAGES_RESULTS/master11_agentdojo_parse_errors.csv,1,01ba4719c80b6fe911b091a7c05124b64eeece964e09c058ef8f9805daca546b,.csv
results/extracted/stage_archives_extracted/NTX_Q1_WAVE3_MASTER_ALL_FIVE_STAGES_RESULTS/master11_agentdojo_run_status.csv,77,1a29cc022b50667679d6101a7cfc3619f760947d078d51a87a83a48c193fef1d,.csv
results/extracted/stage_archives_extracted/NTX_Q1_WAVE3_MASTER_ALL_FIVE_STAGES_RESULTS/master11_agentdojo_traces.csv,1,01ba4719c80b6fe911b091a7c05124b64eeece964e09c058ef8f9805daca546b,.csv
results/extracted/stage_archives_extracted/NTX_Q1_WAVE3_MASTER_ALL_FIVE_STAGES_RESULTS/master11_agentsafetybench_run_status.csv,73,6a381ef60d8520ea992334a60a6fe7c90d8b32e1f3450f5656592703dd490b55,.csv
results/extracted/stage_archives_extracted/NTX_Q1_WAVE3_MASTER_ALL_FIVE_STAGES_RESULTS/master11_setup_status.json,121,506abd01ab58a8302190d8b54da020eb45847b09412c3bba76cdebcef99f9200,.json
results/extracted/stage_archives_extracted/NTX_Q1_WAVE3_MASTER_ALL_FIVE_STAGES_RESULTS/master12_tau_parse_errors.csv,1,01ba4719c80b6fe911b091a7c05124b64eeece964e09c058ef8f9805daca546b,.csv
results/extracted/stage_archives_extracted/NTX_Q1_WAVE3_MASTER_ALL_FIVE_STAGES_RESULTS/master12_tau_run_status.csv,101,e3a4cf1835834712a45e1fdaf749beacbfbfc4ec609eeb3a8d77d5c451d46790,.csv
results/extracted/stage_archives_extracted/NTX_Q1_WAVE3_MASTER_ALL_FIVE_STAGES_RESULTS/master12_tau_setup.json,25,336bd4ed3101f39fd1353116622a9e30b73f36db76246d236d17fc8f5b9b2941,.json
results/extracted/stage_archives_extracted/NTX_Q1_WAVE3_MASTER_ALL_FIVE_STAGES_RESULTS/master12_tau_trajectory_effect_audit.csv,1,01ba4719c80b6fe911b091a7c05124b64eeece964e09c058ef8f9805daca546b,.csv
results/extracted/stage_archives_extracted/NTX_Q1_WAVE3_MASTER_ALL_FIVE_STAGES_RESULTS/master13_claim_evidence_checklist.csv,608,8ea911275b96930f78d489d8873e31005ef9bd4b402f5006b34b1143df77d136,.csv
results/extracted/stage_archives_extracted/NTX_Q1_WAVE3_MASTER_ALL_FIVE_STAGES_RESULTS/master13_multimodel_coverage.json,124,2d1a4347b0b4c4f8a2b8920ce08c2bc32273cb12278c1c97a87fc09266b74437,.json
results/extracted/stage_archives_extracted/NTX_Q1_WAVE3_MASTER_ALL_FIVE_STAGES_RESULTS/master13_unified_evidence_matrix.csv,442,2b9c4eef9a95623779e5031feb240e0c27abd71fe117eccfa1af8ab4eddf7989,.csv
results/extracted/stage_archives_extracted/NTX_Q1_WAVE3_MASTER_ALL_FIVE_STAGES_RESULTS/master13_within_benchmark_ranking.csv,463,772e1136c73161d8bc65dddf060eeca6b79bf7d5fb586bfdf047a520b5e4264c,.csv
results/extracted/stage_archives_extracted/NTX_Q1_WAVE3_MASTER_ALL_FIVE_STAGES_RESULTS/paper_claim_checklist.tex,853,f06d4a898fa2056c241ab9db50e62548a7babf76c22353ca3bd45a4e48c8f37e,.tex
results/extracted/stage_archives_extracted/NTX_Q1_WAVE3_MASTER_ALL_FIVE_STAGES_RESULTS/paper_multibenchmark_matrix.png,101498,9f229c3aac4f8745ff0ba2a4798ec60e55daed9eefe8317e7faf3cc56b99d4e2,.png
results/extracted/stage_archives_extracted/NTX_Q1_WAVE3_MASTER_ALL_FIVE_STAGES_RESULTS/paper_table_anchor_v3.tex,368,89edcd5bf5d0e0d515ff9a0dd14442c8e7e829f4a59d3c5d82301428733910d7,.tex
results/extracted/stage_archives_extracted/NTX_Q1_WAVE3_MASTER_ALL_FIVE_STAGES_RESULTS/paper_table_external_multibenchmark.tex,783,6298761d0e19179eaec7a91d721c0678f2cd2a99f990825c7433578e85079a90,.tex
results/extracted/uploaded_external_snapshot/00_endpoint_probe.csv,184,e27135adb5f53e99ef02c65c23c6071cc0ea57cf2f1b678080bc440cea810729,.csv
results/extracted/uploaded_external_snapshot/02_internal_reference.csv,179,c35eaec91ec2fff3f62db917dce71c8274f2c5076fc08c026099897eb79e660c,.csv
results/extracted/uploaded_external_snapshot/10_bfcl_run_status.csv,181,7dad1cbf68c5914f74c019679926792d57fb5046b54b1c621c73d15aa58cf9f5,.csv
results/extracted/uploaded_external_snapshot/11_agentdojo_run_status.csv,356,739fcd6452a473f860cb12456f4ccb50c0abbbc7fe307813cf064d31558f5be4,.csv
results/extracted/uploaded_external_snapshot/12_agentdyn_run_status.csv,274,d66c7618e7b62ff99f8c3310bfa7c55c1c407c81e6571d60f7cb286ed2d147d5,.csv
results/extracted/uploaded_external_snapshot/13_mcp_run_status.csv,363,bdc00f7da5acc28c3e4d2ee7c19ae13ba7aebd59ecd76ea2d6cbe2540baf819c,.csv
results/extracted/uploaded_external_snapshot/14_tau_run_status.csv,1098,2b2c76ae6953d8a4abfff945aa5fa92b4c0825fcdbfa25cee91ec8d74b8def5c,.csv
results/extracted/uploaded_external_snapshot/20_unified_evidence_matrix.csv,394,d38c8ab620a242db242ff7194afcaaec6a599a7ad5da564188df9ad3cf9c21f0,.csv
results/extracted/uploaded_external_snapshot/21_hierarchical_summary.csv,1,01ba4719c80b6fe911b091a7c05124b64eeece964e09c058ef8f9805daca546b,.csv
results/extracted/uploaded_external_snapshot/22_claim_evidence_checklist.csv,556,694fd0732307656847acb01053186116ed7354cc0574cde76a42b89ae59aa6e1,.csv
results/extracted/uploaded_external_snapshot/MANUSCRIPT_FINAL_INTEGRATION.md,731,1e9665f6807de8c51179ff0a4dc42f3fea8fb786d4343e4203ce8c29d92ce188,.md
results/extracted/wave2/exp05_component_attribution.csv,358,851c4ef1c4f47b0d9505132d4c4498ce164ba67ccb867c4c4d56d42b18bc5336,.csv
results/extracted/wave2/exp05_cross_model_disagreements.csv,996,b783714fb4d577804545a11909e3f918eccb22255cb6ce8a3230e3675ee2f625,.csv
results/extracted/wave2/exp05_frozen_ablation_accuracy.png,102768,915a6cd0bd05accc43db049bbcf8931f6ab3bc0730f81cb545ae98dd1b1c335c,.png
results/extracted/wave2/exp05_gptoss_changed_cases.csv,1191,b615c58c21975c2ccce20895a36ff4db688db7071a9f4be1bec89c91e5ce3fdc,.csv
results/extracted/wave2/exp05_group_cluster_bootstrap.csv,525,cb232bed40fb449314375003aba02fce72605bb31206a9974468e0a1437ee079,.csv
results/extracted/wave2/exp05_paired_transitions.csv,579,4fb570fabdda72400aeacd40f811d09c0d15d616db06b23ab42aad099cb47b8d,.csv
results/extracted/wave2/exp05_qwen_changed_cases.csv,23354,776cd63e28052bf8a6f09b1446202212cc599102402a802d44022aad3364008f,.csv
results/extracted/wave2/exp05_slice_metrics.csv,11749,eab16d92f475b985f97a9180bc0a75a405deaff97f05575e33b6c14a16be8ec9,.csv
results/extracted/wave2/exp05_stage_metrics.csv,593,d39cc2c3947d7a8c991f167aa12064fc20adb64d5992fad2b195669675a63006,.csv
results/extracted/wave2/exp05_unsafe_allow_by_stage.png,64860,f69be821d84ab9335646da4bebd2bb43fd2bd4428d7103048c91a6db3446e09d,.png
results/extracted/wave2/exp06_detector_summary.csv,207,67c1e926b8a695d4fda490830d08825a1b913062c5511ce8efe81c43d1d6af6f,.csv
results/extracted/wave2/exp06_family_metrics.csv,1470,326924aa068cda7870f3f492d40c6d6623d7c969fa5ce7f1faf11b7702c2ba8c,.csv
results/extracted/wave2/exp06_family_robustness.png,126967,dee597aac97518efa1b639ffc583ea9991d1ebd602053762070c7d3cf7d79baa,.png
results/extracted/wave2/exp06_vendor_year_collision_regression.csv,1435,a94897567b89c768f8e5a344a296ed8d80a3190078126a341c95722e36f6dd96,.csv
results/extracted/wave2/exp07_attack_matrix.png,135156,9d399f6bf0d1ced6622413c0ef86725533e533b954e2be153f92fcc0099ff475,.png
results/extracted/wave2/exp07_randomized_attack_summary.csv,420,03db8532b146ef5e7570407bd077dd05920137daecc11539d39e24412ca08ab0,.csv
results/extracted/wave2/exp07_randomized_attack_trials.csv,227460,180ea8767e2db71432f74fd3daf7eb82aafaf664cbcd95ac11b9ebb71569b72d,.csv
results/extracted/wave2/exp08_calibration_risk_coverage_curve.csv,590,459b5ae6320673ba981da3b124b6c6a26ebe55f1f2c4a7308828d1206edbf1e4,.csv
results/extracted/wave2/exp08_feature_coefficients.csv,417,73a6c7653651a57d5216148a19ff6fa88420438d4c33dfd82cf40ac055a6fb79,.csv
results/extracted/wave2/exp08_gpt_transfer.csv,331,bea0b49dc5821cdda0a5b4951f83bf5e4fa4608723b6006d1458917b3f294236,.csv
results/extracted/wave2/exp08_repeated_group_split_stability.csv,2993,09d7f5dfeb2344a8eecef1af9a80b36e8f07bfa6b69eda71423e59f73664836b,.csv
results/extracted/wave2/exp08_risk_coverage_curve.png,92899,018528fea28dae2fe9b646d8084c57df3d81a50247987d8e45e159df7d83b8cf,.png
results/extracted/wave2/exp08_risk_score_distribution.png,73132,48902cb2c16fd600679f71e20f8c73eaf2a91835b37648fe0b77f10b113a5cfa,.png
results/extracted/wave2/exp08_test_policy_comparison.csv,333,be587092a7c305ea89a7ac7379a507e740e1aa107117a61e862eef2db34241cf,.csv
results/extracted/wave2/exp08_test_slices.csv,1354,a289b61ec8dbf6ca79a96583bcc14c4ea5b2e06a39072e62e4416a7493824b5e,.csv
results/extracted/wave3/exp09_anchor_v3_attack_recall.png,121043,b406225d17e1bde3c7a6d9477341c622ee5ae6cad6f7a9dd14bad5fb89aa2a51,.png
results/extracted/wave3/exp09_attack_family_metrics.csv,290,b5aa04f1c8f18ed44eddb53ae7a0d6827293e1afbd9d46b4faac9150a72acf89,.csv
results/extracted/wave3/exp09_frozen2000_v3_audit.csv,259565,2762a0bf9a72a890e60cf4665b1aad7f11c872325e07831ecf1fdfff426a8822,.csv
results/extracted/wave3/exp09_frozen_source_hashes.csv,1248,a6e9516ad5a98c7d191e52589aba4f0aabd807556c70cca177d2b442769e4836,.csv
results/extracted/wave3/exp09_group_bootstrap.csv,231445,7119a9a9e5fc5a9d7bf9ebd5f7b1c6e43718a90ac19698a359f5839965991e25,.csv
results/extracted/wave3/exp09_group_bootstrap_ci.csv,108,4568039f24deb41b7e980ae5274de1d25751e0f9014b619832d54d42e843d0b6,.csv
results/extracted/wave3/exp09_guard_summary.csv,140,af7536b9fcdedca28c717e62dcff43e4faf4eb306730f3f1d89b787f44382a7d,.csv
results/extracted/wave3/exp09_metamorphic_cases.csv,957279,ad8307147b817942a2a742b50dc495babb361cb334ecdddb04f4d53cb5619a0d,.csv
results/extracted/wave3/exp09_surface_invariance.csv,125640,5fce95ff9918c329b3d1ebcc4f63c9f83f8d91f73ef2791de307dce4d43e5e1b,.csv
results/extracted/wave3/exp09_targeted_regressions.csv,82,8fe26b61cca2ff612ad01d1e660a11e614f49ff347d947fbf7394ec55c044619,.csv
results/extracted/wave3/exp13_claim_evidence_checklist.csv,369,1a39965ec743782566a5043fcb278dbd2f1f3cc9a3d52c575adeff78259262c2,.csv
results/extracted/wave3/exp13_input_zip_status.csv,284,6e80771d781fd2708cd710b9068316fcf3aab1c37b62c83f24d5404fc1221dbc,.csv
results/extracted/wave3/exp13_internal_reference.csv,203,b783d57d0150ce9a99fdccb8a4f35b425cad958aae410efbace36db8c90a067a,.csv
results/extracted/wave3/exp13_multibenchmark_matrix.png,104343,147c492b397e3f7ed1e4c4ab5ad379172234958a897dacb081dea9f7067518d6,.png
results/extracted/wave3/exp13_per_benchmark_ranking.csv,369,8c8b4eedb4f1c77046343bda1558f5f25ad101331e7367c4abe5e79eb1f84ae9,.csv
results/extracted/wave3/exp13_unified_evidence_matrix.csv,363,11a4d06d1ede19deffce0f211346d7f2a453232f54cde680684606c072c70bd8,.csv
results/final_merged/MANUSCRIPT_INTEGRATION_UPDATE.md,1842,7a7deb0d92de9abe4ec43aee86586fcdc908a11ea106a3731ee22bffd78debac,.md
results/final_merged/NTX_RESULTS_MERGED_WITH_RECOVERY.zip,320972,ed1b96891f0db0904983cc0656ba483440966e3ff6be162058026b5ec2c77f09,.zip
results/final_merged/NTX_RESULTS_MERGED_WITH_RECOVERY_latest_copy.zip,320972,ed1b96891f0db0904983cc0656ba483440966e3ff6be162058026b5ec2c77f09,.zip
results/final_merged/merged_unified_evidence.csv,1694,07c481451c916d937f52f8bddcd79b6855c4301872fbdd4610a844ad5e2cb3a4,.csv
results/final_merged/recovery_failures_retained.csv,467,6ef96fc58c63e2d9eeaae67a7ec9cf2e6373a18510dfcbf7c14a030dce7449f9,.csv
results/final_merged/tau3_recovered_quick_results.csv,688,95ba6281a0726006975a3e21554a5fe29f2180e5ed08ec4eaee3beb407ce72d2,.csv
results/final_merged/updated_claim_evidence_checklist.csv,758,53280fb6ba7bc2ff2f7866e333747d06625db1d6bc1bf2438aa1c85eb81def04,.csv
results/frozen_evidence/NiyamTrace-X_Frozen_Raw_Evidence_Recovered.zip,279674,b8f15a4110b656613da7713374104573e25c027541520a748152214bc5a2b782,.zip
results/frozen_evidence/NiyamTrace-X_Frozen_Runtime_Source.zip,19047,ad30d119f30ec3ac1f798cdeb4ab4ee6295b78551c66fc1df73a68fac3e3ceca,.zip
results/local_t4_latest/README.txt,202,ebf260d1276461662162c4b75b06a044c294f1bca571c10aa0c9a6bfeb63625b,.txt
results/local_t4_latest/logs/bfcl_granite33_2b.log,154,1556adaa478089509b9804425d539202f9d882fd6043d5ba19c5cb0eff84dea8,.log
results/local_t4_latest/logs/bfcl_install.log,4315,96431d32c012969bf0b7b7e8444ff60184f3356f4b53471f6cc87f965a91baf4,.log
results/local_t4_latest/logs/bfcl_qwen25_3b.log,151,dd16d54c9cbff45c2959ba4c98fcbfc33c7c9434833b87d5ae0018b20a874c25,.log
results/local_t4_latest/logs/bfcl_qwen25_7b_awq.log,155,5a910ff0d230bca025758e5acadec2f04bb99da60ed29edbefcae094a93f14d6,.log
results/local_t4_latest/logs/bfcl_venv.log,343,2550cc8af2028e708541c473f80f8b9bcbd45e8a30c7751dc143f96f3e07c26c,.log
results/local_t4_latest/logs/bfcl_xlam2_3b.log,150,cb5148e6f4523b6daa592a8b33dae3d11e1e654e73227339ad7b679bd95617ad,.log
results/local_t4_latest/logs/clone_agentdojo.log,2924,de3c9659b702641f967d30e40061e0dc6b6e863ef677c24d40f944477f153866,.log
results/local_t4_latest/logs/clone_tau2-bench.log,1600,ae01c6f2240813f9383b213940226e07b8eae6625cc5ecc8ee53ec519ec0c93a,.log
results/local_t4_latest/logs/dojo_granite33_2b_banking.log,3431,f6d2eb55d1cf571d17d710e812fcaddff2bb014717299e06657b34a6a582b13d,.log
results/local_t4_latest/logs/dojo_granite33_2b_slack.log,2664,b13df2205638d8906f6392c14b2a950033c92b05da57bcf740b82a3e046154be,.log
results/local_t4_latest/logs/dojo_granite33_2b_travel.log,7432,b9e615a6209b071b3bfdabe1efb90b0103109fc1c1e7f55adde6029160019f5d,.log
results/local_t4_latest/logs/dojo_granite33_2b_workspace.log,7441,b92e180fab2f3cc07e6af2c160490f6a9f9dc62ccce58aafc8c23e7985573583,.log
results/local_t4_latest/logs/dojo_help.log,6269,da98b9b686dd08e93f6a35eab1e6d3cdc8bc411ddf63f478b9ad44f0ecee5d48,.log
results/local_t4_latest/logs/dojo_qwen25_3b_banking.log,4863,75a8b3d447cb03c5b6e351665375b822a98fb6a5e2745312300dd579d2ec83b3,.log
results/local_t4_latest/logs/dojo_qwen25_3b_slack.log,2658,113ddc07b031837a259c9737d3eefca188195439d5e3febdc186543fd29e0c8f,.log
results/local_t4_latest/logs/dojo_qwen25_3b_travel.log,7426,15de12cae1476da27294403736e3b081def656ea8e408066d255ee7dc4bf8414,.log
results/local_t4_latest/logs/dojo_qwen25_3b_workspace.log,7435,dd086dd2a5b81daff3280004d56f008cc3ae39235797a78fc1318c5b02fdf7b2,.log
results/local_t4_latest/logs/dojo_sync.log,3728,78aa43dae5e6030ba342e0ea8a304630a5cdad9a7d848bb3a8ba5a23e37ef25e,.log
results/local_t4_latest/logs/server_granite33_2b.log,89913,03ede3c3567d97dbd73f2a4df775a5ced15fee40e19f49f34e2b665328387912,.log
results/local_t4_latest/logs/server_ministral3_3b_bf16.log,14311,56f15a9c26d1e0a14124db995781b3449d3274de6a55decf165c3e6d32444489,.log
results/local_t4_latest/logs/server_phi4_mini.log,18024,e5e132c8b538a793cc7d1faad33de4783c841db32d29a89f0ed9505066fb2a39,.log
results/local_t4_latest/logs/server_qwen25_3b.log,120329,e4f67c6f7b6796513e902540239f09e284aa0d5773538bc1aa269fc445a6bf74,.log
results/local_t4_latest/logs/server_qwen25_7b_awq.log,109206,e3506236f2a4f7fd80f7ac46553c7a072bf27c4ec450c3b4a7a092762944858d,.log
results/local_t4_latest/logs/server_xlam2_3b.log,198137,534158ad807873fcc5587b5a10bdffd939466e33a63928d091e10be908dcc960,.log
results/local_t4_latest/logs/server_xlam_1b.log,17043,c3715d3f3118f1ef5b2f1e3ebeac1660f2a4da1a664c3ec3415cc8b028a882f8,.log
results/local_t4_latest/logs/tau_extra_deps.log,175,c981b5a670cdd27148dfcf2c306a92cacb898e8c7f470d38e65d959f34f05a0f,.log
results/local_t4_latest/logs/tau_granite33_2b_airline.log,7976,894feaf7ceaf3c71d306062a84d5cf0c6269d02d0b8f467eade752eb01c49836,.log
results/local_t4_latest/logs/tau_granite33_2b_retail.log,8914,1d9f2670304075575e0c8269798aed9e07aa44db7c42f4fea7b4c5f37d06e814,.log
results/local_t4_latest/logs/tau_granite33_2b_telecom.log,9534,c1a9165af442e38a6e301cc2c4784caf850f6c435b099d576b4a65f34a860615,.log
results/local_t4_latest/logs/tau_qwen25_3b_airline.log,9708,0cabae2652ae82a950d0806812a03ac92513e9367d0944fc46b1956fa3d7b770,.log
results/local_t4_latest/logs/tau_qwen25_3b_retail.log,9706,aefd64f983285b9a7401d7939ba9371000884620665d9b0873dd2e455aeb5789,.log
results/local_t4_latest/logs/tau_qwen25_3b_telecom.log,9525,afb0e182c7c43ccbe4b1a09d56a51e25507d5ae171b482e620173d3d1d7a0c7f,.log
results/local_t4_latest/logs/tau_run_help.log,16127,9444950561633a25e393d39fc5d5ad7de814345b49059f2e5d15d9b3b4773d35,.log
results/local_t4_latest/logs/tau_sync.log,1749,3b817eac2b7f7d9018c5036fe67b5cd89712421bb7923c1a74958cff1147231e,.log
results/local_t4_latest/logs/vllm_isolated_freeze.txt,4140,a1501881ceb024a523997c558c79ab81a54fb4f9201dbbd40e350fb9e8074434,.txt
results/local_t4_latest/logs/vllm_isolated_install.log,4904,f4ff012b49770f9423445e2adeb3e4d3f77af9c30dd2717adac921f97b078352,.log
results/local_t4_latest/logs/vllm_isolated_verify.log,226,ae72683b6be43b64272f71845dcf4b7a0dba389cecbaefee93a5cc3501f56a75,.log
results/local_t4_latest/logs/vllm_python312_install.log,257,44326431acc57a9ed08482d43c6c86423cdcdbc132a43884d845d23db49cd3b9,.log
results/local_t4_latest/logs/vllm_venv_create.log,381,56e0f1f6928540614c796d48352db5c4002d5a2d078997790070dc04c44838fe,.log
results/local_t4_latest/paper_integration/AgentDojo_security.png,30852,0563ed87ad3430dd868102962f46db3517af85ef3d1378147546058243990f99,.png
results/local_t4_latest/paper_integration/AgentDojo_utility.png,27999,6430d8d4508ef9a86e96f83c311fa5c21ebba53f21b8ee7703d964a16c0b93dd,.png
results/local_t4_latest/paper_integration/local_external_claim_gate.tex,339,aed059036b98dea4872bc2ff5c54227b2c2470b8c8db16db1727babc13d4c37d,.tex
results/local_t4_latest/paper_integration/local_external_summary.tex,452,ded915d5e5f948d855a4598a767ad239fda67f5e4359eec87857c673ecb18b74,.tex
results/local_t4_latest/paper_integration/local_external_validation_section.tex,344,9c317b3797c0257302f8281a2055b66e8cf641b39e0b28d7cef9d6619cd3ea92,.tex
results/local_t4_latest/paper_integration/local_model_status.csv,11919,86640e3dbce23e76ceeb71cfe84c3aeddce3207b6293f027261c8f9af451210d,.csv
results/local_t4_latest/paper_integration/tau3_reward.png,23301,89edf282477461b97e6c6942c5d32fe3896bc555dfcae39640b54c8b53ccb918,.png
results/local_t4_latest/raw_benchmark_outputs/agentdojo/granite33_2b/banking/openai-compatible/banking/injection_task_0/none/none.json,3207,ac16c65b7c40aa975a00ae1c60b5d82dc86d941528e2df734bf6515f6c4b3e10,.json
results/local_t4_latest/raw_benchmark_outputs/agentdojo/granite33_2b/banking/openai-compatible/banking/user_task_0/important_instructions/injection_task_0.json,2903,0bf0dff293645f88a820a5882d0a24d612cdd95f5d3f0b3ec58efe300f4720a2,.json
results/local_t4_latest/raw_benchmark_outputs/agentdojo/granite33_2b/travel/openai-compatible/travel/injection_task_0/none/none.json,1412,b826aff85986d4039adf38dffb2971a4b6f39252f1bb10231374966e55ba169f,.json
results/local_t4_latest/raw_benchmark_outputs/agentdojo/granite33_2b/workspace/openai-compatible/workspace/injection_task_0/none/none.json,1383,2729efce0b57a5b108e0cb1e75e78986ea21bd2d796ff6220e1c00e2762f0f3b,.json
results/local_t4_latest/raw_benchmark_outputs/agentdojo/qwen25_3b/banking/openai-compatible/banking/injection_task_0/none/none.json,5375,ba00d021aea397ff135042423b38f5b7f929d81aca3b75676cafaecba849c03d,.json
results/local_t4_latest/raw_benchmark_outputs/agentdojo/qwen25_3b/banking/openai-compatible/banking/user_task_0/important_instructions/injection_task_0.json,3749,334acffe08ee0630d3de84c51572af1ab9b5576319e4523aaccd8ab5b877ec82,.json
results/local_t4_latest/raw_benchmark_outputs/agentdojo/qwen25_3b/travel/openai-compatible/travel/injection_task_0/none/none.json,1411,597ed9e1ca4faea2021a99276c15467b0f55b3d32456fb4894af27f0680c42f0,.json
results/local_t4_latest/raw_benchmark_outputs/agentdojo/qwen25_3b/workspace/openai-compatible/workspace/injection_task_0/none/none.json,1383,dc93b74f30ff0c540cdf0bd0a7470b0e5a8c5286956780293f77b06126a6dd14,.json
results/local_t4_latest/raw_benchmark_outputs/bfcl/granite33_2b/20260914_123655/agentic/memory/kv/memory_snapshot/notetaker_final.json,358,89bfdd7454f7cc7159122c08c45e2a064966a3df5c23838d54bda5d9b9cd05db,.json
results/local_t4_latest/raw_benchmark_outputs/bfcl/granite33_2b/20260914_123655/agentic/memory/kv/memory_snapshot/prereq_checkpoints/memory_kv_prereq_33-notetaker-1.json,215,90401fb068a127fcff3ac13bb0319c29ede59c206cab7d69d10b9efb1be0e5c5,.json
results/local_t4_latest/raw_benchmark_outputs/bfcl/granite33_2b/20260914_123655/agentic/memory/kv/memory_snapshot/prereq_checkpoints/memory_kv_prereq_35-notetaker-3.json,358,89bfdd7454f7cc7159122c08c45e2a064966a3df5c23838d54bda5d9b9cd05db,.json
results/local_t4_latest/raw_benchmark_outputs/bfcl/granite33_2b/20260914_123655/agentic/memory/rec_sum/memory_snapshot/finance_final.json,20,4a1c5dc24773d5a1f6673818fd6ac774b2b31bc8f56256e270b5e73e3c77981e,.json
results/local_t4_latest/raw_benchmark_outputs/bfcl/granite33_2b/20260914_123655/agentic/memory/rec_sum/memory_snapshot/notetaker_final.json,512,17f45689a8dfcdbb8f1ca1710fc3bf0bd7878036e4af37aa8aef40df394589b6,.json
results/local_t4_latest/raw_benchmark_outputs/bfcl/granite33_2b/20260914_123655/agentic/memory/rec_sum/memory_snapshot/prereq_checkpoints/memory_rec_sum_prereq_15-finance-0.json,20,4a1c5dc24773d5a1f6673818fd6ac774b2b31bc8f56256e270b5e73e3c77981e,.json
results/local_t4_latest/raw_benchmark_outputs/bfcl/granite33_2b/20260914_123655/agentic/memory/rec_sum/memory_snapshot/prereq_checkpoints/memory_rec_sum_prereq_16-finance-1.json,20,4a1c5dc24773d5a1f6673818fd6ac774b2b31bc8f56256e270b5e73e3c77981e,.json
results/local_t4_latest/raw_benchmark_outputs/bfcl/granite33_2b/20260914_123655/agentic/memory/rec_sum/memory_snapshot/prereq_checkpoints/memory_rec_sum_prereq_17-finance-2.json,20,4a1c5dc24773d5a1f6673818fd6ac774b2b31bc8f56256e270b5e73e3c77981e,.json
results/local_t4_latest/raw_benchmark_outputs/bfcl/granite33_2b/20260914_123655/agentic/memory/rec_sum/memory_snapshot/prereq_checkpoints/memory_rec_sum_prereq_18-finance-3.json,20,4a1c5dc24773d5a1f6673818fd6ac774b2b31bc8f56256e270b5e73e3c77981e,.json
results/local_t4_latest/raw_benchmark_outputs/bfcl/granite33_2b/20260914_123655/agentic/memory/rec_sum/memory_snapshot/prereq_checkpoints/memory_rec_sum_prereq_32-notetaker-0.json,223,2329f71c80c40e01e69d51622e226743e88b404fcca8498359400c6d990e5744,.json
results/local_t4_latest/raw_benchmark_outputs/bfcl/granite33_2b/20260914_123655/agentic/memory/rec_sum/memory_snapshot/prereq_checkpoints/memory_rec_sum_prereq_33-notetaker-1.json,354,443ce1c97dd4d0fb62b14474598cb2077c6254deae72f5427ab86c644107dfbe,.json
results/local_t4_latest/raw_benchmark_outputs/bfcl/granite33_2b/20260914_123655/agentic/memory/rec_sum/memory_snapshot/prereq_checkpoints/memory_rec_sum_prereq_34-notetaker-2.json,512,17f45689a8dfcdbb8f1ca1710fc3bf0bd7878036e4af37aa8aef40df394589b6,.json
results/local_t4_latest/raw_benchmark_outputs/bfcl/granite33_2b/20260914_123655/logs/eval_log.log,203199,ab362e173a19685ceb58651ec33a8e149275b5446fdee976e30aedb387a0b9bc,.log
results/local_t4_latest/raw_benchmark_outputs/bfcl/qwen25_3b/20260914_131127/agentic/memory/kv/memory_snapshot/notetaker_final.json,1346,64f74edfaae598d62c55e3eac37473f2431565b8015ab206c4297e7059729f6b,.json
results/local_t4_latest/raw_benchmark_outputs/bfcl/qwen25_3b/20260914_131127/agentic/memory/kv/memory_snapshot/prereq_checkpoints/memory_kv_prereq_32-notetaker-0.json,1058,933bd9a8b3e9eb04de69584643c3eac6f6a593f261c3177ac7dce59a3bdf38ff,.json
results/local_t4_latest/raw_benchmark_outputs/bfcl/qwen25_3b/20260914_131127/agentic/memory/kv/memory_snapshot/prereq_checkpoints/memory_kv_prereq_33-notetaker-1.json,1346,64f74edfaae598d62c55e3eac37473f2431565b8015ab206c4297e7059729f6b,.json
results/local_t4_latest/raw_benchmark_outputs/bfcl/qwen25_3b/20260914_131127/agentic/memory/rec_sum/memory_snapshot/finance_final.json,5160,e229dfabf2c8e2f72f704d1da929e4fd599d2c1e81fb988126df8be48d091f2e,.json
results/local_t4_latest/raw_benchmark_outputs/bfcl/qwen25_3b/20260914_131127/agentic/memory/rec_sum/memory_snapshot/notetaker_final.json,3024,c4abd8bef176920a9d00c7f71a06a2f1cfc11d1fa66f75b545ef4dd090ea3a6f,.json
results/local_t4_latest/raw_benchmark_outputs/bfcl/qwen25_3b/20260914_131127/agentic/memory/rec_sum/memory_snapshot/prereq_checkpoints/memory_rec_sum_prereq_16-finance-1.json,5160,e229dfabf2c8e2f72f704d1da929e4fd599d2c1e81fb988126df8be48d091f2e,.json
results/local_t4_latest/raw_benchmark_outputs/bfcl/qwen25_3b/20260914_131127/agentic/memory/rec_sum/memory_snapshot/prereq_checkpoints/memory_rec_sum_prereq_32-notetaker-0.json,1027,92707c4392012eb9cabed34f1b1f4db725db65edd594c9f5dd94daa2e9c285bf,.json
results/local_t4_latest/raw_benchmark_outputs/bfcl/qwen25_3b/20260914_131127/agentic/memory/rec_sum/memory_snapshot/prereq_checkpoints/memory_rec_sum_prereq_33-notetaker-1.json,1472,4d8e2ffcc3ca1f732e21c72710bcbdfff22a1256bf87248987a7401265ef2693,.json
results/local_t4_latest/raw_benchmark_outputs/bfcl/qwen25_3b/20260914_131127/agentic/memory/rec_sum/memory_snapshot/prereq_checkpoints/memory_rec_sum_prereq_34-notetaker-2.json,2055,3fb9c76d003ad98bf28bd5f8fb40ad2256ade446fa8ffee57eb5cff6f95505b4,.json
results/local_t4_latest/raw_benchmark_outputs/bfcl/qwen25_3b/20260914_131127/agentic/memory/rec_sum/memory_snapshot/prereq_checkpoints/memory_rec_sum_prereq_36-notetaker-4.json,3024,c4abd8bef176920a9d00c7f71a06a2f1cfc11d1fa66f75b545ef4dd090ea3a6f,.json
results/local_t4_latest/raw_benchmark_outputs/bfcl/qwen25_3b/20260914_131127/logs/eval_log.log,237724,8f0deaf6cde5a4cb8d6defc09af3721454c77a9f156416a70231426fba51262b,.log
results/local_t4_latest/raw_benchmark_outputs/bfcl/qwen25_7b_awq/20260914_144023/agentic/memory/kv/memory_snapshot/notetaker_final.json,406,5497d90ed2122136b124ea37946bb4098b6aafa54b8a709c01951a5752bf3935,.json
results/local_t4_latest/raw_benchmark_outputs/bfcl/qwen25_7b_awq/20260914_144023/agentic/memory/kv/memory_snapshot/prereq_checkpoints/memory_kv_prereq_33-notetaker-1.json,406,5497d90ed2122136b124ea37946bb4098b6aafa54b8a709c01951a5752bf3935,.json
results/local_t4_latest/raw_benchmark_outputs/bfcl/qwen25_7b_awq/20260914_144023/agentic/memory/rec_sum/memory_snapshot/finance_final.json,2690,d7db0168f512ba9b733a3688ad7280a956b14885b45ed9524223fdcdc4eaa959,.json
results/local_t4_latest/raw_benchmark_outputs/bfcl/qwen25_7b_awq/20260914_144023/agentic/memory/rec_sum/memory_snapshot/notetaker_final.json,2721,bfb503a929e21cfafb899ce92f0a81ce4ef04aa84b03c28b021383abaee70d1f,.json
results/local_t4_latest/raw_benchmark_outputs/bfcl/qwen25_7b_awq/20260914_144023/agentic/memory/rec_sum/memory_snapshot/prereq_checkpoints/memory_rec_sum_prereq_17-finance-2.json,2690,d7db0168f512ba9b733a3688ad7280a956b14885b45ed9524223fdcdc4eaa959,.json
results/local_t4_latest/raw_benchmark_outputs/bfcl/qwen25_7b_awq/20260914_144023/agentic/memory/rec_sum/memory_snapshot/prereq_checkpoints/memory_rec_sum_prereq_32-notetaker-0.json,1026,03b4afe8f892d67c18934e9dc56517eaefd099b0d34d84868027cbf5947285eb,.json
results/local_t4_latest/raw_benchmark_outputs/bfcl/qwen25_7b_awq/20260914_144023/agentic/memory/rec_sum/memory_snapshot/prereq_checkpoints/memory_rec_sum_prereq_33-notetaker-1.json,1433,abc1000e2ad0c65416b9bd77d44c1907671178fcbf75e5d06eabbb41dbe360f8,.json
results/local_t4_latest/raw_benchmark_outputs/bfcl/qwen25_7b_awq/20260914_144023/agentic/memory/rec_sum/memory_snapshot/prereq_checkpoints/memory_rec_sum_prereq_34-notetaker-2.json,2016,f78c10f6dfd2d268ee73aab9f35485c01bc9fdec4cbb2e557f636ccb46b1ca9e,.json
results/local_t4_latest/raw_benchmark_outputs/bfcl/qwen25_7b_awq/20260914_144023/agentic/memory/rec_sum/memory_snapshot/prereq_checkpoints/memory_rec_sum_prereq_35-notetaker-3.json,2721,bfb503a929e21cfafb899ce92f0a81ce4ef04aa84b03c28b021383abaee70d1f,.json
results/local_t4_latest/raw_benchmark_outputs/bfcl/qwen25_7b_awq/20260914_144023/logs/eval_log.log,222944,639fd43ce5497be9ba770c156bf5adc4431dc66b1cef4c7b8880c914bec6ccfa,.log
results/local_t4_latest/raw_benchmark_outputs/bfcl/xlam2_3b/20260914_140806/agentic/memory/kv/memory_snapshot/notetaker_final.json,747,c26c04b431b537674799a08782f3db8230fc4069d102721d8ae9f7fa694c2772,.json
results/local_t4_latest/raw_benchmark_outputs/bfcl/xlam2_3b/20260914_140806/agentic/memory/kv/memory_snapshot/prereq_checkpoints/memory_kv_prereq_34-notetaker-2.json,539,8917ad4eb63aa114e5811add502bfb8f2fe49122ad7681168dc7768e1daaad3f,.json
results/local_t4_latest/raw_benchmark_outputs/bfcl/xlam2_3b/20260914_140806/agentic/memory/kv/memory_snapshot/prereq_checkpoints/memory_kv_prereq_35-notetaker-3.json,747,c26c04b431b537674799a08782f3db8230fc4069d102721d8ae9f7fa694c2772,.json
results/local_t4_latest/raw_benchmark_outputs/bfcl/xlam2_3b/20260914_140806/agentic/memory/rec_sum/memory_snapshot/finance_final.json,6284,9b9a7ccd5d9cf945dc185d3d7fd8da0fbb112a21dbf3d7385ae552294170d0ed,.json
results/local_t4_latest/raw_benchmark_outputs/bfcl/xlam2_3b/20260914_140806/agentic/memory/rec_sum/memory_snapshot/notetaker_final.json,2794,34c92bd1f083f919ce5cae3badfaf61ddd2b5721ce130e63f805d809a42263e9,.json
results/local_t4_latest/raw_benchmark_outputs/bfcl/xlam2_3b/20260914_140806/agentic/memory/rec_sum/memory_snapshot/prereq_checkpoints/memory_rec_sum_prereq_16-finance-1.json,4273,d4e8d721c980ad2d01e5426ae7feb1980b2e456e8661a0f379b4008406d06b3f,.json
results/local_t4_latest/raw_benchmark_outputs/bfcl/xlam2_3b/20260914_140806/agentic/memory/rec_sum/memory_snapshot/prereq_checkpoints/memory_rec_sum_prereq_19-finance-4.json,601,193248dc2cbbf40ca04925d69e9849ab28386df18eb462c17a66afd8fc05a987,.json
results/local_t4_latest/raw_benchmark_outputs/bfcl/xlam2_3b/20260914_140806/agentic/memory/rec_sum/memory_snapshot/prereq_checkpoints/memory_rec_sum_prereq_20-finance-5.json,3914,43748233c9deaabcb91ab07465d5d6db7719b4ea76a0655b64dab9ab546c85e8,.json
results/local_t4_latest/raw_benchmark_outputs/bfcl/xlam2_3b/20260914_140806/agentic/memory/rec_sum/memory_snapshot/prereq_checkpoints/memory_rec_sum_prereq_21-finance-6.json,6284,9b9a7ccd5d9cf945dc185d3d7fd8da0fbb112a21dbf3d7385ae552294170d0ed,.json
results/local_t4_latest/raw_benchmark_outputs/bfcl/xlam2_3b/20260914_140806/agentic/memory/rec_sum/memory_snapshot/prereq_checkpoints/memory_rec_sum_prereq_32-notetaker-0.json,981,27683661d005de9ec9171645a2ec00e0bf91523b88c55bdbd81a798698a9d058,.json
results/local_t4_latest/raw_benchmark_outputs/bfcl/xlam2_3b/20260914_140806/agentic/memory/rec_sum/memory_snapshot/prereq_checkpoints/memory_rec_sum_prereq_33-notetaker-1.json,1120,b7bc0074b19a02556bed2c8897d74a2874c08b882347be26d2f5636ff5adc3e9,.json
results/local_t4_latest/raw_benchmark_outputs/bfcl/xlam2_3b/20260914_140806/agentic/memory/rec_sum/memory_snapshot/prereq_checkpoints/memory_rec_sum_prereq_34-notetaker-2.json,1120,b7bc0074b19a02556bed2c8897d74a2874c08b882347be26d2f5636ff5adc3e9,.json
results/local_t4_latest/raw_benchmark_outputs/bfcl/xlam2_3b/20260914_140806/agentic/memory/rec_sum/memory_snapshot/prereq_checkpoints/memory_rec_sum_prereq_35-notetaker-3.json,1825,d4445ffb243d79f4e05746da3dc44e7f36bc5c7c274a42eebe2dffe2bbab62de,.json
results/local_t4_latest/raw_benchmark_outputs/bfcl/xlam2_3b/20260914_140806/agentic/memory/rec_sum/memory_snapshot/prereq_checkpoints/memory_rec_sum_prereq_36-notetaker-4.json,2794,34c92bd1f083f919ce5cae3badfaf61ddd2b5721ce130e63f805d809a42263e9,.json
results/local_t4_latest/raw_benchmark_outputs/bfcl/xlam2_3b/20260914_140806/agentic/memory/vector/memory_snapshot/notetaker_final.json,1220,57b362ba77181437db0892419dc2546a8c5208d7c539370898642f1a8c58dcb3,.json
results/local_t4_latest/raw_benchmark_outputs/bfcl/xlam2_3b/20260914_140806/agentic/memory/vector/memory_snapshot/prereq_checkpoints/memory_vector_prereq_33-notetaker-1.json,1220,57b362ba77181437db0892419dc2546a8c5208d7c539370898642f1a8c58dcb3,.json
results/local_t4_latest/raw_benchmark_outputs/bfcl/xlam2_3b/20260914_140806/logs/eval_log.log,262381,664172e522036002a4f16696cfa2d4201df50919289f0042d129f37755ed04f8,.log
results/local_t4_latest/raw_benchmark_outputs/tau/granite33_2b/airline/artifacts/task_0/sim_150c8b5a-1fea-4da3-9606-10b2ee4f38d6/llm_debug/20260914_130726_499_user_simulator_response_d381258e.json,3787,63084b283f5eb37b5250268e571285d48b356f29cdf4ac4d49ae95afbbc3024e,.json
results/local_t4_latest/raw_benchmark_outputs/tau/granite33_2b/airline/artifacts/task_0/sim_150c8b5a-1fea-4da3-9606-10b2ee4f38d6/sim_status.json,22,5eee3ee50396dee5e42c222aca0fdcd41a17acde513a24082460c6580d46c9ed,.json
results/local_t4_latest/raw_benchmark_outputs/tau/granite33_2b/airline/artifacts/task_0/sim_150c8b5a-1fea-4da3-9606-10b2ee4f38d6/task.log,2195,0a4559a9f4627199bfdccb2ee1a64512ae33d176749b7bf7d5973d0357ccc4c7,.log
results/local_t4_latest/raw_benchmark_outputs/tau/granite33_2b/airline/results.json,25077,650ca57fbc14e5c23a409b6047dd23ef7673d918d05cc73615f913b9f3e00592,.json
results/local_t4_latest/raw_benchmark_outputs/tau/granite33_2b/retail/artifacts/task_0/sim_f9a0b48a-f9a3-43d8-b334-67dcc5268498/llm_debug/20260914_130738_189_user_simulator_response_46762187.json,3877,239a7c654798915d365ec2f0971b8774b4eab9bd19090b9dd5045c3681eb4e61,.json
results/local_t4_latest/raw_benchmark_outputs/tau/granite33_2b/retail/artifacts/task_0/sim_f9a0b48a-f9a3-43d8-b334-67dcc5268498/sim_status.json,22,5eee3ee50396dee5e42c222aca0fdcd41a17acde513a24082460c6580d46c9ed,.json
results/local_t4_latest/raw_benchmark_outputs/tau/granite33_2b/retail/artifacts/task_0/sim_f9a0b48a-f9a3-43d8-b334-67dcc5268498/task.log,2307,e41caf8e9f40a698c0e3c8e8cc2150f47c0600c27c329a3658682272b15bfac6,.log
results/local_t4_latest/raw_benchmark_outputs/tau/granite33_2b/retail/results.json,27394,fa237cd6c20e2ed3eea5d603f6c25a2e2d8e69cc4ea6a745127e359c1edee061,.json
results/local_t4_latest/raw_benchmark_outputs/tau/granite33_2b/telecom/artifacts/task_[mobile_data_issue]airplane_mode_on|user_abroad_roaming_enabled_off[PERSONA:None]/sim_98b3e1a0-13b4-46ee-aa01-8de93874eca7/sim_status.json,534,d23caca3ed1ce58a3b9f15e37bf108f210ba523462a5cd3792362856c59f2d6c,.json
results/local_t4_latest/raw_benchmark_outputs/tau/granite33_2b/telecom/artifacts/task_[mobile_data_issue]airplane_mode_on|user_abroad_roaming_enabled_off[PERSONA:None]/sim_98b3e1a0-13b4-46ee-aa01-8de93874eca7/task.log,1955,e3c95b03c5a6111a23946df116ad76c97a718b395026def3e143b223b5fd3ec9,.log
results/local_t4_latest/raw_benchmark_outputs/tau/granite33_2b/telecom/artifacts/task_[mobile_data_issue]airplane_mode_on|user_abroad_roaming_enabled_off[PERSONA:None]/sim_b62648df-28a2-4a0b-9d2b-41cc8f13b8c4/sim_status.json,534,d23caca3ed1ce58a3b9f15e37bf108f210ba523462a5cd3792362856c59f2d6c,.json
results/local_t4_latest/raw_benchmark_outputs/tau/granite33_2b/telecom/artifacts/task_[mobile_data_issue]airplane_mode_on|user_abroad_roaming_enabled_off[PERSONA:None]/sim_b62648df-28a2-4a0b-9d2b-41cc8f13b8c4/task.log,1955,0677c7affe55603b5092cce5b3dc93fecb9d260d7588a793d62692ffe6cd040d,.log
results/local_t4_latest/raw_benchmark_outputs/tau/granite33_2b/telecom/results.json,43831,49974902fb5bd85d75f4f8f5f1c4ae395b6b3e1325bf09c2f6b80c0962634166,.json
results/local_t4_latest/raw_benchmark_outputs/tau/qwen25_3b/airline/artifacts/task_0/sim_a9b3e6fd-a600-4c55-acee-064506fb50b8/llm_debug/20260914_134154_799_user_simulator_response_ae6f03d3.json,3551,1cf3e10e0fbfc7421116d5b8b6f7d156040720acb4d8af0a6f91f5f6cb5f2ea1,.json
results/local_t4_latest/raw_benchmark_outputs/tau/qwen25_3b/airline/artifacts/task_0/sim_a9b3e6fd-a600-4c55-acee-064506fb50b8/sim_status.json,534,d23caca3ed1ce58a3b9f15e37bf108f210ba523462a5cd3792362856c59f2d6c,.json
results/local_t4_latest/raw_benchmark_outputs/tau/qwen25_3b/airline/artifacts/task_0/sim_a9b3e6fd-a600-4c55-acee-064506fb50b8/task.log,2811,540f009256d133fa0cc87f641cca5c5f71d62c29c356d4d3882a506b9492cdf4,.log
results/local_t4_latest/raw_benchmark_outputs/tau/qwen25_3b/airline/artifacts/task_0/sim_b12cc228-6e8b-4430-b958-601f427b8d18/llm_debug/20260914_134158_880_user_simulator_response_d8da35ad.json,3552,36e10f83afa8cfa75cecd89ce52eab839f6deb17b0b4bee4827f6fb70410978d,.json
results/local_t4_latest/raw_benchmark_outputs/tau/qwen25_3b/airline/artifacts/task_0/sim_b12cc228-6e8b-4430-b958-601f427b8d18/sim_status.json,534,d23caca3ed1ce58a3b9f15e37bf108f210ba523462a5cd3792362856c59f2d6c,.json
results/local_t4_latest/raw_benchmark_outputs/tau/qwen25_3b/airline/artifacts/task_0/sim_b12cc228-6e8b-4430-b958-601f427b8d18/task.log,2811,58585fa5c9b7f8c76c475d5b9526aa2ab8d7d6eda097d28eda4cf50b862456c1,.log
results/local_t4_latest/raw_benchmark_outputs/tau/qwen25_3b/airline/results.json,24192,aeff0bb67164efd435482adf70dde7abc80f960767c3347db1dd675e390b9bfb,.json
results/local_t4_latest/raw_benchmark_outputs/tau/qwen25_3b/retail/artifacts/task_0/sim_c573f283-e1a2-44ff-b691-b93e57fac899/llm_debug/20260914_134211_806_user_simulator_response_e693327c.json,3720,b24b71efc4ceab63a88f2543608d816c62b3c83f67a6b58007d3d2ca046c8f6d,.json
results/local_t4_latest/raw_benchmark_outputs/tau/qwen25_3b/retail/artifacts/task_0/sim_c573f283-e1a2-44ff-b691-b93e57fac899/sim_status.json,534,d23caca3ed1ce58a3b9f15e37bf108f210ba523462a5cd3792362856c59f2d6c,.json
results/local_t4_latest/raw_benchmark_outputs/tau/qwen25_3b/retail/artifacts/task_0/sim_c573f283-e1a2-44ff-b691-b93e57fac899/task.log,3199,32f56c3bbb751370925c13b737b9dc517ae8db1a6256d0eaf9fa90aa62ff79c1,.log
results/local_t4_latest/raw_benchmark_outputs/tau/qwen25_3b/retail/artifacts/task_0/sim_fa504b10-f00e-4104-a2d3-35cd502e8cba/llm_debug/20260914_134206_844_user_simulator_response_348a362f.json,3720,3d3e022ddeae04ab40f2c5ee6995c0ffa810cb2d158cf09ef47ef30bf09c734a,.json
results/local_t4_latest/raw_benchmark_outputs/tau/qwen25_3b/retail/artifacts/task_0/sim_fa504b10-f00e-4104-a2d3-35cd502e8cba/sim_status.json,534,d23caca3ed1ce58a3b9f15e37bf108f210ba523462a5cd3792362856c59f2d6c,.json
results/local_t4_latest/raw_benchmark_outputs/tau/qwen25_3b/retail/artifacts/task_0/sim_fa504b10-f00e-4104-a2d3-35cd502e8cba/task.log,3199,d6b8d1c5e46c02d1b85590c8859604b9f6577a71b8169ad5d4cbd1e0f3177153,.log
results/local_t4_latest/raw_benchmark_outputs/tau/qwen25_3b/retail/results.json,24727,773d2fd342d885f3aea77801232185e9cc74ae3c729dce2880f7771addc899fc,.json
results/local_t4_latest/raw_benchmark_outputs/tau/qwen25_3b/telecom/artifacts/task_[mobile_data_issue]airplane_mode_on|user_abroad_roaming_enabled_off[PERSONA:None]/sim_3d5b4adc-5374-43fd-bc9b-92af08c48e99/sim_status.json,534,d23caca3ed1ce58a3b9f15e37bf108f210ba523462a5cd3792362856c59f2d6c,.json
results/local_t4_latest/raw_benchmark_outputs/tau/qwen25_3b/telecom/artifacts/task_[mobile_data_issue]airplane_mode_on|user_abroad_roaming_enabled_off[PERSONA:None]/sim_3d5b4adc-5374-43fd-bc9b-92af08c48e99/task.log,1952,87232cb2967de529d43488b34e6882f968e614b9955d8d5d0b0d0d9a6608cb04,.log
results/local_t4_latest/raw_benchmark_outputs/tau/qwen25_3b/telecom/artifacts/task_[mobile_data_issue]airplane_mode_on|user_abroad_roaming_enabled_off[PERSONA:None]/sim_a702f4f3-da2e-454e-beff-7e5e6441012a/sim_status.json,534,d23caca3ed1ce58a3b9f15e37bf108f210ba523462a5cd3792362856c59f2d6c,.json
results/local_t4_latest/raw_benchmark_outputs/tau/qwen25_3b/telecom/artifacts/task_[mobile_data_issue]airplane_mode_on|user_abroad_roaming_enabled_off[PERSONA:None]/sim_a702f4f3-da2e-454e-beff-7e5e6441012a/task.log,1952,b31e8d0aa285ec74d0f08c5c9f4095decfe63a6c9b4af4336c5200ca70de8ec6,.log
results/local_t4_latest/raw_benchmark_outputs/tau/qwen25_3b/telecom/results.json,43825,a151c85f3a46fad470addf00705afb97d0fc87ae158beb5d037862712d72d6d0,.json
results/local_t4_latest/results/00_t4_model_registry_v2.csv,897,32ce7433892099710fea10b0725c9532f63c0a9453440fc1a07310837032bf7a,.csv
results/local_t4_latest/results/01_benchmark_versions.json,129,ed2c1c10d07a20b41481952a35c38f13aaf93069f276decb69aea2ea74d15dd3,.json
results/local_t4_latest/results/10_model_run_status.csv,11919,86640e3dbce23e76ceeb71cfe84c3aeddce3207b6293f027261c8f9af451210d,.csv
results/local_t4_latest/results/20_bfcl_native_metrics.csv,1,01ba4719c80b6fe911b091a7c05124b64eeece964e09c058ef8f9805daca546b,.csv
results/local_t4_latest/results/21_agentdojo_native_cases.csv,903,437318317cb41fbdb2a34791c8f5198ac20af269456668a8c18717d9569e6c60,.csv
results/local_t4_latest/results/22_tau3_native_cases.csv,2302,e48785678dba2e9b686c1dbedb3a6855bb40dcdfe362b6a3fc9deeeafb68a183,.csv
results/local_t4_latest/results/30_external_model_summary.csv,275,7733010381926ade7032d7f92d88a47071d6b01722ad156de0a72deb67b10f3f,.csv
results/local_t4_latest/results/31_claim_gate.csv,245,44770712368b080e0f9fe21b8f3a4cc9a13c16507245f275ad871ceaa23c2a67,.csv
results/local_t4_latest/results/FINAL_MANIFEST.json,15930,abdf8bbd0317c34a0afd5978056f0605f1df386bd9887fc5b199f878ce23c413,.json
results/local_t4_latest/results/SHA256_MANIFEST.csv,7842,8a00268ecb41be35f81ce850a45151040c38daf36813f84d964326b19fc08d34,.csv
results/local_t4_latest/results/T4_CHECKPOINT.json,12934,3e771860066b9253d9f79fae31cb18a2ee2e05dcdf7ce945048f6acf187b5075,.json
results/local_t4_latest/results/bfcl_granite33_2b.csv,1,01ba4719c80b6fe911b091a7c05124b64eeece964e09c058ef8f9805daca546b,.csv
results/local_t4_latest/results/bfcl_qwen25_3b.csv,1,01ba4719c80b6fe911b091a7c05124b64eeece964e09c058ef8f9805daca546b,.csv
results/local_t4_latest/results/bfcl_qwen25_7b_awq.csv,1,01ba4719c80b6fe911b091a7c05124b64eeece964e09c058ef8f9805daca546b,.csv
results/local_t4_latest/results/bfcl_xlam2_3b.csv,1,01ba4719c80b6fe911b091a7c05124b64eeece964e09c058ef8f9805daca546b,.csv
results/local_t4_latest/results/dojo_granite33_2b.csv,506,d121c3eebdf1dd5bbc8710f9d9bb09e7142f6cfd2968b0549c6eba07777a6e01,.csv
results/local_t4_latest/results/dojo_granite33_2b_banking.csv,506,d121c3eebdf1dd5bbc8710f9d9bb09e7142f6cfd2968b0549c6eba07777a6e01,.csv
results/local_t4_latest/results/dojo_qwen25_3b.csv,466,febeab7d90196fdb41589685c70b2443d0f28297fb66228920edcb1baf511eb0,.csv
results/local_t4_latest/results/dojo_qwen25_3b_banking.csv,466,febeab7d90196fdb41589685c70b2443d0f28297fb66228920edcb1baf511eb0,.csv
results/local_t4_latest/results/dojo_status_granite33_2b.csv,123,59a9ed93fe59ee1007fe3520f89679c875fba1a10f5ce4985c32c4498d707832,.csv
results/local_t4_latest/results/dojo_status_qwen25_3b.csv,123,59a9ed93fe59ee1007fe3520f89679c875fba1a10f5ce4985c32c4498d707832,.csv
results/local_t4_latest/results/preflight_granite33_2b.json,184,073f3ff1e7cc49a7fca5e48ed8288ca9f75e261c6e8f032f9e69e0257a2b0862,.json
results/local_t4_latest/results/preflight_phi4_mini.json,172,09e013139bb9ef49929cb78b892d2d41add81bcdc7415efb181c6316d506186b,.json
results/local_t4_latest/results/preflight_qwen25_3b.json,167,b430998b258f45c44b83195047d5ee9868a8ef8c4da906cd07e22985dc2750b5,.json
results/local_t4_latest/results/preflight_qwen25_7b_awq.json,175,9806023c3458304e95ab08027701311b557e4492e621c0a510cb9ef2eff693b4,.json
results/local_t4_latest/results/preflight_xlam2_3b.json,167,6b6323d071c9aa5cde64ffecca7dfa2eda000175032697984135d10e274c8526,.json
results/local_t4_latest/results/preflight_xlam_1b.json,165,517c169a790e108c1ba9081251bd901be1b21df10bdd6da88352250932784b1b,.json
results/local_t4_latest/results/tau_granite33_2b.csv,801,83d7a72c977038f2d1f2214e0ab4f1f4f0b269f1094bdf68cb019db5acaf7576,.csv
results/local_t4_latest/results/tau_granite33_2b_airline.csv,152,ae5cd357eb46fb7a3d759608cb8e6abc2489e891ee56b338ce1069da67790042,.csv
results/local_t4_latest/results/tau_granite33_2b_retail.csv,151,9039ff830382183dd1a7c5322c38673fd0515bceab0b809fc9da1265003eea3a,.csv
results/local_t4_latest/results/tau_granite33_2b_telecom.csv,644,832db719a71c3437014bd0cd3f15f2ae6af972a0ee2643cb74256040580a661f,.csv
results/local_t4_latest/results/tau_qwen25_3b.csv,1574,1621f62433d5632b2f058b5cca20648966e2de3e7aa1060493cb543d9b0d081d,.csv
results/local_t4_latest/results/tau_qwen25_3b_airline.csv,547,3fb6f619f26aae33afd4f176ad80f9d443bdd2b9fba4d3f36f29fe27db2e96f1,.csv
results/local_t4_latest/results/tau_qwen25_3b_retail.csv,546,025e801690e5dba9c0acfc61a3b71b324e3395a9a479f3d450469ff863cda94f,.csv
results/local_t4_latest/results/tau_qwen25_3b_telecom.csv,627,86d1b903509f09e67b4915ae4ed95c26e17b742e44b449eadf203d335164349d,.csv
results/local_t4_latest/results/tau_status_granite33_2b.csv,110,6cc89694167fdd2d2e6465845a078dc2bf2a6b5e1d486ac9abd951c965843954,.csv
results/local_t4_latest/results/tau_status_qwen25_3b.csv,104,b1fce72f9ea3e5747edd76c14aa819efe76d6e5bdbabc347385882a2cefe3859,.csv
results/stage_results/01_Anchor_Stress_RESULTS.zip,489543,833312215b08016a552588b3156c1504892a74026d1603be083e1737688706cb,.zip
results/stage_results/02_SIL_IIEA_ABLATION_RESULTS.zip,1592559,5d7f6a472b4eff24cafd237e14309448a51da85bfb9c0a55b81c69cd5751af9d,.zip
results/stage_results/03_EXECUTION_BROKER_V1_RESULTS.zip,105568,af63c77f2f988f22b0d98c5634417857679e6a1f919c3738de0fd25bded270d8,.zip
results/stage_results/04_STATS_REPRO_RESULTS.zip,163748,4f7a44dfde6337d00f28784f911af9f757e5d7cbbbef821cbdaa2280953e9af7,.zip
results/stage_results/05_FROZEN_RUNTIME_ABLATION_RESULTS.zip,147418,ba2b128b0bdc08cbb3515117803d0c9b5b6b7698d50279477fb2882b12d99131,.zip
results/stage_results/06_METAMORPHIC_ATTACK_LAB_RESULTS.zip,436787,c7cf9ca153681501f26928694944d9c51aacbfbac4892fc458bd1c4d0a3c8035,.zip
results/stage_results/07_VERIFIED_EXECUTION_BROKER_V2_RESULTS.zip,223326,e63ff295876b46fece61258fe99b252eee2feb612abe39b73a9adf5c0eae2a0e,.zip
results/stage_results/08_RISK_CALIBRATED_AUTHORIZATION_RESULTS.zip,145416,31f093e055052f199853a354fab08a19e98ebd4bcdf416822cc3f717f1698bba,.zip
results/stage_results/09_ANCHOR_LOCK_V3_RESULTS.zip,238373,fc872a112a62293caaf6fff5cde3f2e1391442471ba50558621981da317260f0,.zip
results/stage_results/10_BFCL_MLCL_EXTERNAL_RESULTS.zip,3730,dddbd5a4f4fa78f73e4181f3864fc3cdd51238c04fff6bcea341743314a20a13,.zip
results/stage_results/11_AGENTDOJO_AGENTSAFETYBENCH_RESULTS.zip,11592,3866c81ca8da889ba37cdc71fc92a9818bad5545dbdd70444fbc3933cbdcf185,.zip
results/stage_results/12_TAU3_STATEFUL_TRANSFER_RESULTS.zip,49689,2010e22074d06ad3ebfa2a9d26573be8a5b336b29fa7d57456ce79b5feaaaa7f,.zip
results/stage_results/13_UNIFIED_MULTIBENCHMARK_META_RESULTS.zip,92871,4a5fd65f5587415b8d336ee2455fd9220963b5a0b3482a947bffca3cb4faba9a,.zip
results/stage_results/WAVE3_MASTER_ALL_FIVE_STAGES_RESULTS.zip,281671,8a7a835fc56976af33dea110fd64d2b9fdc4b58673ee2f8dd3fe781413ca981d,.zip
