file,sha256
__init__.py,91447944015cec709e8aa7655f7e9d64e1e4508e7023a57fe3746911c0fc6fed
aggregate.py,d38cb4d4f16099b9674fdebcfe44e09230da6049b1e66af3d143f4d876a9706e
anchor_guard.py,05e890bba05b96c8bffb5b2918828205940f70f933e3bfb18c45096b710403d6
anchors.py,6a7257eb936687181f6d9439231551e617df5962d5d6d3dfeeb09785ae1e3da0
benchgen.py,b98c636389a10454137ce5029525c113ab8d3e2d8a8856d3812f4ec23e3e3a2a
clarification_gate.py,52701c17025ffc6cda5fb7478e1da02490e06a3e92a1a74994678c10565a070e
client.py,49b3d0a604745591b05cea3d83d2db51e39ad355cfb941a69dbe4c69406d1f95
effects.py,a298adfb525dc4177928e387d4ef26ed17593239f564933920faf46bfaead2b9
iiea.py,ba69dc0f2fe4aff3191d214ae5e6f011c7b074b73b94eb26c731962c18251827
jsonutil.py,e7c5586fb647b7b99afc6f16a79086b2d6a8927ddb8f15eba9d71a5192c95d4f
prompting.py,96009f1b510ae7e7dcc099e5f4e4b220bb37852541ae64416a887fc88ba5b5c0
runner.py,d57df3455f69a6d4963a39c8d5ae2f6a0fcc9d6fe57429edfce261fc657edc6c
schema.py,a844a7e787c2ad632d6d7366356cba2381cf9df0ca374777c959539097b8dbd4
scoring.py,46cdcd0c8193c5508700297dc3900788f96d81d6c64052ee1175058330112c5a
smoke.py,d73d13d39e1093a4d4d54bb7d3ee018618f2fce816575e889b899a128966b4ea
system_tests.py,1c76f802a8b23fcf53415dec94011200ca1e613aaa8a937fafd4a46448507b96
