rep,guard,recall,fpr
0,v2,0.851953125,0.0
0,v3,1.0,0.0
1,v2,0.8494496855345912,0.0
1,v3,1.0,0.0
2,v2,0.8576967816983326,0.0
2,v3,1.0,0.0
3,v2,0.8590342679127726,0.0
3,v3,1.0,0.0
4,v2,0.8522860492379836,0.0
4,v3,1.0,0.0
5,v2,0.8544674209910261,0.0
5,v3,1.0,0.0
6,v2,0.8620023192887515,0.0
6,v3,1.0,0.0
7,v2,0.8538884524744698,0.0
7,v3,1.0,0.0
8,v2,0.8548450372695174,0.0
8,v3,1.0,0.0
9,v2,0.8524143302180686,0.0
9,v3,1.0,0.0
10,v2,0.8554313099041534,0.0
10,v3,1.0,0.0
11,v2,0.8556981719175418,0.0
11,v3,1.0,0.0
12,v2,0.8537735849056604,0.0
12,v3,1.0,0.0
13,v2,0.8513513513513513,0.0
13,v3,1.0,0.0
14,v2,0.8559686888454012,0.0
14,v3,1.0,0.0
15,v2,0.854383932020085,0.0
15,v3,1.0,0.0
16,v2,0.8555772994129158,0.0
16,v3,1.0,0.0
17,v2,0.8578070515304146,0.0
17,v3,1.0,0.0
18,v2,0.8561484918793504,0.0
18,v3,1.0,0.0
19,v2,0.8476153547886778,0.0
19,v3,1.0,0.0
20,v2,0.8566891623660182,0.0
20,v3,1.0,0.0
21,v2,0.8518518518518519,0.0
21,v3,1.0,0.0
22,v2,0.8474708171206226,0.0
22,v3,1.0,0.0
23,v2,0.8603639240506329,0.0
23,v3,1.0,0.0
24,v2,0.8499409216226861,0.0
24,v3,1.0,0.0
25,v2,0.8568129330254042,0.0
25,v3,1.0,0.0
26,v2,0.8496908809891809,0.0
26,v3,1.0,0.0
27,v2,0.853078721745908,0.0
27,v3,1.0,0.0
28,v2,0.8552631578947368,0.0
28,v3,1.0,0.0
29,v2,0.8559718969555035,0.0
29,v3,1.0,0.0
30,v2,0.8499610288386594,0.0
30,v3,1.0,0.0
31,v2,0.8542574257425742,0.0
31,v3,1.0,0.0
32,v2,0.8550837553564472,0.0
32,v3,1.0,0.0
33,v2,0.8509047993705744,0.0
33,v3,1.0,0.0
34,v2,0.8591604550804237,0.0
34,v3,1.0,0.0
35,v2,0.8558211256746338,0.0
35,v3,1.0,0.0
36,v2,0.8527011270890011,0.0
36,v3,1.0,0.0
37,v2,0.8535922330097088,0.0
37,v3,1.0,0.0
38,v2,0.8523357086302454,0.0
38,v3,1.0,0.0
39,v2,0.8555900621118012,0.0
39,v3,1.0,0.0
40,v2,0.8462135922330097,0.0
40,v3,1.0,0.0
41,v2,0.8582089552238806,0.0
41,v3,1.0,0.0
42,v2,0.8546941955590183,0.0
42,v3,1.0,0.0
43,v2,0.8481308411214953,0.0
43,v3,1.0,0.0
44,v2,0.8501170960187353,0.0
44,v3,1.0,0.0
45,v2,0.8528842431281456,0.0
45,v3,1.0,0.0
46,v2,0.8549222797927462,0.0
46,v3,1.0,0.0
47,v2,0.8458252427184466,0.0
47,v3,1.0,0.0
48,v2,0.8521235521235522,0.0
48,v3,1.0,0.0
49,v2,0.8465116279069768,0.0
49,v3,1.0,0.0
50,v2,0.8561912225705329,0.0
50,v3,1.0,0.0
51,v2,0.8557844690966719,0.0
51,v3,1.0,0.0
52,v2,0.857860177674778,0.0
52,v3,1.0,0.0
53,v2,0.85325029194239,0.0
53,v3,1.0,0.0
54,v2,0.8525817895151754,0.0
54,v3,1.0,0.0
55,v2,0.8538613861386138,0.0
55,v3,1.0,0.0
56,v2,0.8518228145825166,0.0
56,v3,1.0,0.0
57,v2,0.8524850894632207,0.0
57,v3,1.0,0.0
58,v2,0.8536395484624367,0.0
58,v3,1.0,0.0
59,v2,0.8513883457176379,0.0
59,v3,1.0,0.0
60,v2,0.8494284588096177,0.0
60,v3,1.0,0.0
61,v2,0.8503347774714455,0.0
61,v3,1.0,0.0
62,v2,0.8515655199072284,0.0
62,v3,1.0,0.0
63,v2,0.8524399690162665,0.0
63,v3,1.0,0.0
64,v2,0.8581422464049747,0.0
64,v3,1.0,0.0
65,v2,0.8589051657671549,0.0
65,v3,1.0,0.0
66,v2,0.8553042121684867,0.0
66,v3,1.0,0.0
67,v2,0.8492832235567609,0.0
67,v3,1.0,0.0
68,v2,0.8532863849765259,0.0
68,v3,1.0,0.0
69,v2,0.8501755754974639,0.0
69,v3,1.0,0.0
70,v2,0.856137607505864,0.0
70,v3,1.0,0.0
71,v2,0.8552631578947368,0.0
71,v3,1.0,0.0
72,v2,0.8549080954243253,0.0
72,v3,1.0,0.0
73,v2,0.8513142408787759,0.0
73,v3,1.0,0.0
74,v2,0.8507404520654716,0.0
74,v3,1.0,0.0
75,v2,0.8517801857585139,0.0
75,v3,1.0,0.0
76,v2,0.8541584548679543,0.0
76,v3,1.0,0.0
77,v2,0.8511465215701516,0.0
77,v3,1.0,0.0
78,v2,0.855686274509804,0.0
78,v3,1.0,0.0
79,v2,0.8581477139507621,0.0
79,v3,1.0,0.0
80,v2,0.8522772277227723,0.0
80,v3,1.0,0.0
81,v2,0.8601728201099764,0.0
81,v3,1.0,0.0
82,v2,0.8529182879377432,0.0
82,v3,1.0,0.0
83,v2,0.8526234567901234,0.0
83,v3,1.0,0.0
84,v2,0.8543956043956044,0.0
84,v3,1.0,0.0
85,v2,0.8556501547987616,0.0
85,v3,1.0,0.0
86,v2,0.8539682539682539,0.0
86,v3,1.0,0.0
87,v2,0.8583202511773941,0.0
87,v3,1.0,0.0
88,v2,0.8572561459159397,0.0
88,v3,1.0,0.0
89,v2,0.8570872274143302,0.0
89,v3,1.0,0.0
90,v2,0.8505520504731862,0.0
90,v3,1.0,0.0
91,v2,0.8509634290208415,0.0
91,v3,1.0,0.0
92,v2,0.8540772532188842,0.0
92,v3,1.0,0.0
93,v2,0.8488188976377953,0.0
93,v3,1.0,0.0
94,v2,0.8539976825028969,0.0
94,v3,1.0,0.0
95,v2,0.8488871534556813,0.0
95,v3,1.0,0.0
96,v2,0.8566473988439306,0.0
96,v3,1.0,0.0
97,v2,0.8573099415204678,0.0
97,v3,1.0,0.0
98,v2,0.8554216867469879,0.0
98,v3,1.0,0.0
99,v2,0.8517065515888583,0.0
99,v3,1.0,0.0
100,v2,0.8435294117647059,0.0
100,v3,1.0,0.0
101,v2,0.8578034682080925,0.0
101,v3,1.0,0.0
102,v2,0.8468118195956454,0.0
102,v3,1.0,0.0
103,v2,0.852627419992098,0.0
103,v3,1.0,0.0
104,v2,0.8585461689587426,0.0
104,v3,1.0,0.0
105,v2,0.8527370855821126,0.0
105,v3,1.0,0.0
106,v2,0.85703125,0.0
106,v3,1.0,0.0
107,v2,0.8539370078740157,0.0
107,v3,1.0,0.0
108,v2,0.8526023043305523,0.0
108,v3,1.0,0.0
109,v2,0.8562524347487339,0.0
109,v3,1.0,0.0
110,v2,0.8576443057722309,0.0
110,v3,1.0,0.0
111,v2,0.8553654743390358,0.0
111,v3,1.0,0.0
112,v2,0.8494329292139225,0.0
112,v3,1.0,0.0
113,v2,0.8514619883040936,0.0
113,v3,1.0,0.0
114,v2,0.8561833267483209,0.0
114,v3,1.0,0.0
115,v2,0.8499040307101727,0.0
115,v3,1.0,0.0
116,v2,0.8503875968992248,0.0
116,v3,1.0,0.0
117,v2,0.8477834444880346,0.0
117,v3,1.0,0.0
118,v2,0.8546511627906976,0.0
118,v3,1.0,0.0
119,v2,0.8549141965678627,0.0
119,v3,1.0,0.0
120,v2,0.8606299212598425,0.0
120,v3,1.0,0.0
121,v2,0.8504455637349865,0.0
121,v3,1.0,0.0
122,v2,0.8584420719652036,0.0
122,v3,1.0,0.0
123,v2,0.8587771203155818,0.0
123,v3,1.0,0.0
124,v2,0.860665362035225,0.0
124,v3,1.0,0.0
125,v2,0.8527222875048962,0.0
125,v3,1.0,0.0
126,v2,0.8570300157977883,0.0
126,v3,1.0,0.0
127,v2,0.8548073180225769,0.0
127,v3,1.0,0.0
128,v2,0.8549501151189562,0.0
128,v3,1.0,0.0
129,v2,0.8552373479795998,0.0
129,v3,1.0,0.0
130,v2,0.8534278959810875,0.0
130,v3,1.0,0.0
131,v2,0.8474308300395257,0.0
131,v3,1.0,0.0
132,v2,0.8467238689547582,0.0
132,v3,1.0,0.0
133,v2,0.8558487593540764,0.0
133,v3,1.0,0.0
134,v2,0.8571981424148607,0.0
134,v3,1.0,0.0
135,v2,0.855908912446015,0.0
135,v3,1.0,0.0
136,v2,0.8591772151898734,0.0
136,v3,1.0,0.0
137,v2,0.8544747081712062,0.0
137,v3,1.0,0.0
138,v2,0.8563706563706563,0.0
138,v3,1.0,0.0
139,v2,0.8582584927762593,0.0
139,v3,1.0,0.0
140,v2,0.8550214927706136,0.0
140,v3,1.0,0.0
141,v2,0.8541423570595099,0.0
141,v3,1.0,0.0
142,v2,0.8464257659073056,0.0
142,v3,1.0,0.0
143,v2,0.8498638661999222,0.0
143,v3,1.0,0.0
144,v2,0.8468786808009423,0.0
144,v3,1.0,0.0
145,v2,0.8531274742676168,0.0
145,v3,1.0,0.0
146,v2,0.8529297632906481,0.0
146,v3,1.0,0.0
147,v2,0.859009900990099,0.0
147,v3,1.0,0.0
148,v2,0.8565891472868217,0.0
148,v3,1.0,0.0
149,v2,0.852803738317757,0.0
149,v3,1.0,0.0
150,v2,0.8542070569988368,0.0
150,v3,1.0,0.0
151,v2,0.8515044939429465,0.0
151,v3,1.0,0.0
152,v2,0.8543072647876141,0.0
152,v3,1.0,0.0
153,v2,0.8552071234998064,0.0
153,v3,1.0,0.0
154,v2,0.8551965745426235,0.0
154,v3,1.0,0.0
155,v2,0.8509895227008148,0.0
155,v3,1.0,0.0
156,v2,0.8536585365853658,0.0
156,v3,1.0,0.0
157,v2,0.8619607843137255,0.0
157,v3,1.0,0.0
158,v2,0.8557466770914777,0.0
158,v3,1.0,0.0
159,v2,0.8575353218210361,0.0
159,v3,1.0,0.0
160,v2,0.8493788819875776,0.0
160,v3,1.0,0.0
161,v2,0.8493788819875776,0.0
161,v3,1.0,0.0
162,v2,0.8530225207427894,0.0
162,v3,1.0,0.0
163,v2,0.85199841709537,0.0
163,v3,1.0,0.0
164,v2,0.8496884735202492,0.0
164,v3,1.0,0.0
165,v2,0.8500196309383589,0.0
165,v3,1.0,0.0
166,v2,0.8495950636328576,0.0
166,v3,1.0,0.0
167,v2,0.8506998444790047,0.0
167,v3,1.0,0.0
168,v2,0.8528834837191055,0.0
168,v3,1.0,0.0
169,v2,0.8530676045330207,0.0
169,v3,1.0,0.0
170,v2,0.8492248062015504,0.0
170,v3,1.0,0.0
171,v2,0.8528155339805825,0.0
171,v3,1.0,0.0
172,v2,0.8569771936606108,0.0
172,v3,1.0,0.0
173,v2,0.8525943396226415,0.0
173,v3,1.0,0.0
174,v2,0.8548387096774194,0.0
174,v3,1.0,0.0
175,v2,0.8499413833528722,0.0
175,v3,1.0,0.0
176,v2,0.8500978473581213,0.0
176,v3,1.0,0.0
177,v2,0.8477924089852827,0.0
177,v3,1.0,0.0
178,v2,0.8486149044088959,0.0
178,v3,1.0,0.0
179,v2,0.8541423570595099,0.0
179,v3,1.0,0.0
180,v2,0.8517801857585139,0.0
180,v3,1.0,0.0
181,v2,0.8525490196078431,0.0
181,v3,1.0,0.0
182,v2,0.8564182598517363,0.0
182,v3,1.0,0.0
183,v2,0.8571428571428571,0.0
183,v3,1.0,0.0
184,v2,0.8488188976377953,0.0
184,v3,1.0,0.0
185,v2,0.85973207249803,0.0
185,v3,1.0,0.0
186,v2,0.8502970297029703,0.0
186,v3,1.0,0.0
187,v2,0.8543072647876141,0.0
187,v3,1.0,0.0
188,v2,0.8497469832619696,0.0
188,v3,1.0,0.0
189,v2,0.8612828438948995,0.0
189,v3,1.0,0.0
190,v2,0.8554733151538761,0.0
190,v3,1.0,0.0
191,v2,0.8571428571428571,0.0
191,v3,1.0,0.0
192,v2,0.8519968676585747,0.0
192,v3,1.0,0.0
193,v2,0.850705329153605,0.0
193,v3,1.0,0.0
194,v2,0.8502715283165244,0.0
194,v3,1.0,0.0
195,v2,0.8557466770914777,0.0
195,v3,1.0,0.0
196,v2,0.8445919562670832,0.0
196,v3,1.0,0.0
197,v2,0.8513198757763976,0.0
197,v3,1.0,0.0
198,v2,0.8450759050214091,0.0
198,v3,1.0,0.0
199,v2,0.8531029065200314,0.0
199,v3,1.0,0.0
200,v2,0.8490930142802007,0.0
200,v3,1.0,0.0
201,v2,0.8550387596899225,0.0
201,v3,1.0,0.0
202,v2,0.8535255161667316,0.0
202,v3,1.0,0.0
203,v2,0.8521536670547147,0.0
203,v3,1.0,0.0
204,v2,0.8554733151538761,0.0
204,v3,1.0,0.0
205,v2,0.8633686690223793,0.0
205,v3,1.0,0.0
206,v2,0.8569194683346364,0.0
206,v3,1.0,0.0
207,v2,0.8500391542678152,0.0
207,v3,1.0,0.0
208,v2,0.8514308114464916,0.0
208,v3,1.0,0.0
209,v2,0.8612308898471188,0.0
209,v3,1.0,0.0
210,v2,0.8532863849765259,0.0
210,v3,1.0,0.0
211,v2,0.8480565371024735,0.0
211,v3,1.0,0.0
212,v2,0.8523568367744448,0.0
212,v3,1.0,0.0
213,v2,0.8463329452852154,0.0
213,v3,1.0,0.0
214,v2,0.851924587588374,0.0
214,v3,1.0,0.0
215,v2,0.8573117855735121,0.0
215,v3,1.0,0.0
216,v2,0.8481613285883749,0.0
216,v3,1.0,0.0
217,v2,0.8529988239905919,0.0
217,v3,1.0,0.0
218,v2,0.8538011695906432,0.0
218,v3,1.0,0.0
219,v2,0.856533540131834,0.0
219,v3,1.0,0.0
220,v2,0.8544747081712062,0.0
220,v3,1.0,0.0
221,v2,0.8575342465753425,0.0
221,v3,1.0,0.0
222,v2,0.8534416086620263,0.0
222,v3,1.0,0.0
223,v2,0.8586872586872587,0.0
223,v3,1.0,0.0
224,v2,0.8645996860282574,0.0
224,v3,1.0,0.0
225,v2,0.8556254917387883,0.0
225,v3,1.0,0.0
226,v2,0.8502736512900704,0.0
226,v3,1.0,0.0
227,v2,0.8543613707165109,0.0
227,v3,1.0,0.0
228,v2,0.8520686963309914,0.0
228,v3,1.0,0.0
229,v2,0.8526398739164697,0.0
229,v3,1.0,0.0
230,v2,0.8515163450177236,0.0
230,v3,1.0,0.0
231,v2,0.8509895227008148,0.0
231,v3,1.0,0.0
232,v2,0.8480373105324523,0.0
232,v3,1.0,0.0
233,v2,0.8532651455546814,0.0
233,v3,1.0,0.0
234,v2,0.853010164190774,0.0
234,v3,1.0,0.0
235,v2,0.848832607835378,0.0
235,v3,1.0,0.0
236,v2,0.8565799842395587,0.0
236,v3,1.0,0.0
237,v2,0.8549262994569433,0.0
237,v3,1.0,0.0
238,v2,0.8486401261332283,0.0
238,v3,1.0,0.0
239,v2,0.8574757281553398,0.0
239,v3,1.0,0.0
240,v2,0.8516204607575166,0.0
240,v3,1.0,0.0
241,v2,0.855078125,0.0
241,v3,1.0,0.0
242,v2,0.8606945540647198,0.0
242,v3,1.0,0.0
243,v2,0.8518811881188119,0.0
243,v3,1.0,0.0
244,v2,0.8586530931871574,0.0
244,v3,1.0,0.0
245,v2,0.8561989895064127,0.0
245,v3,1.0,0.0
246,v2,0.8546875,0.0
246,v3,1.0,0.0
247,v2,0.8587636932707355,0.0
247,v3,1.0,0.0
248,v2,0.8505154639175257,0.0
248,v3,1.0,0.0
249,v2,0.8549202644885259,0.0
249,v3,1.0,0.0
250,v2,0.85390625,0.0
250,v3,1.0,0.0
251,v2,0.8512880562060889,0.0
251,v3,1.0,0.0
252,v2,0.8512939358825802,0.0
252,v3,1.0,0.0
253,v2,0.8603832616347282,0.0
253,v3,1.0,0.0
254,v2,0.8501170960187353,0.0
254,v3,1.0,0.0
255,v2,0.8534653465346534,0.0
255,v3,1.0,0.0
256,v2,0.8488507985975847,0.0
256,v3,1.0,0.0
257,v2,0.8524399690162665,0.0
257,v3,1.0,0.0
258,v2,0.8635640413683373,0.0
258,v3,1.0,0.0
259,v2,0.853390827126617,0.0
259,v3,1.0,0.0
260,v2,0.8576498422712934,0.0
260,v3,1.0,0.0
261,v2,0.8547110055423595,0.0
261,v3,1.0,0.0
262,v2,0.8574766355140186,0.0
262,v3,1.0,0.0
263,v2,0.8499610288386594,0.0
263,v3,1.0,0.0
264,v2,0.8550156739811913,0.0
264,v3,1.0,0.0
265,v2,0.859472049689441,0.0
265,v3,1.0,0.0
266,v2,0.8542159180457053,0.0
266,v3,1.0,0.0
267,v2,0.8485444531864673,0.0
267,v3,1.0,0.0
268,v2,0.8561292865589278,0.0
268,v3,1.0,0.0
269,v2,0.8580246913580247,0.0
269,v3,1.0,0.0
270,v2,0.8529528339278637,0.0
270,v3,1.0,0.0
271,v2,0.8573680063041765,0.0
271,v3,1.0,0.0
272,v2,0.859105180533752,0.0
272,v3,1.0,0.0
273,v2,0.8542239685658153,0.0
273,v3,1.0,0.0
274,v2,0.8543956043956044,0.0
274,v3,1.0,0.0
275,v2,0.8559622195985832,0.0
275,v3,1.0,0.0
276,v2,0.8533805031446541,0.0
276,v3,1.0,0.0
277,v2,0.8591494342567304,0.0
277,v3,1.0,0.0
278,v2,0.8523255813953489,0.0
278,v3,1.0,0.0
279,v2,0.8547376664056382,0.0
279,v3,1.0,0.0
280,v2,0.8501362397820164,0.0
280,v3,1.0,0.0
281,v2,0.8585308977846872,0.0
281,v3,1.0,0.0
282,v2,0.8486381322957198,0.0
282,v3,1.0,0.0
283,v2,0.856921287320667,0.0
283,v3,1.0,0.0
284,v2,0.853243670886076,0.0
284,v3,1.0,0.0
285,v2,0.8514890282131662,0.0
285,v3,1.0,0.0
286,v2,0.8545313107740179,0.0
286,v3,1.0,0.0
287,v2,0.8576982892690513,0.0
287,v3,1.0,0.0
288,v2,0.8598130841121495,0.0
288,v3,1.0,0.0
289,v2,0.8513566653558788,0.0
289,v3,1.0,0.0
290,v2,0.8580294802172227,0.0
290,v3,1.0,0.0
291,v2,0.8496299181924425,0.0
291,v3,1.0,0.0
292,v2,0.8585741811175337,0.0
292,v3,1.0,0.0
293,v2,0.8514040561622465,0.0
293,v3,1.0,0.0
294,v2,0.855191256830601,0.0
294,v3,1.0,0.0
295,v2,0.8530564263322884,0.0
295,v3,1.0,0.0
296,v2,0.8522243713733075,0.0
296,v3,1.0,0.0
297,v2,0.8529868114817688,0.0
297,v3,1.0,0.0
298,v2,0.8567525370804059,0.0
298,v3,1.0,0.0
299,v2,0.8441507967353284,0.0
299,v3,1.0,0.0
300,v2,0.8556822650412899,0.0
300,v3,1.0,0.0
301,v2,0.8553141970519783,0.0
301,v3,1.0,0.0
302,v2,0.8547310561444837,0.0
302,v3,1.0,0.0
303,v2,0.8586614173228346,0.0
303,v3,1.0,0.0
304,v2,0.8570875290472502,0.0
304,v3,1.0,0.0
305,v2,0.8545098039215686,0.0
305,v3,1.0,0.0
306,v2,0.8562898089171974,0.0
306,v3,1.0,0.0
307,v2,0.8493312352478364,0.0
307,v3,1.0,0.0
308,v2,0.8527679623085983,0.0
308,v3,1.0,0.0
309,v2,0.8559814169570267,0.0
309,v3,1.0,0.0
310,v2,0.8601016021883549,0.0
310,v3,1.0,0.0
311,v2,0.8571428571428571,0.0
311,v3,1.0,0.0
312,v2,0.8565285379202502,0.0
312,v3,1.0,0.0
313,v2,0.8525741029641186,0.0
313,v3,1.0,0.0
314,v2,0.8537348455220962,0.0
314,v3,1.0,0.0
315,v2,0.8559782608695652,0.0
315,v3,1.0,0.0
316,v2,0.8540372670807453,0.0
316,v3,1.0,0.0
317,v2,0.8501170960187353,0.0
317,v3,1.0,0.0
318,v2,0.8588553750966744,0.0
318,v3,1.0,0.0
319,v2,0.8538670812281384,0.0
319,v3,1.0,0.0
320,v2,0.8501362397820164,0.0
320,v3,1.0,0.0
321,v2,0.8485901892622634,0.0
321,v3,1.0,0.0
322,v2,0.8594361785434612,0.0
322,v3,1.0,0.0
323,v2,0.8579835229501765,0.0
323,v3,1.0,0.0
324,v2,0.8542635658914729,0.0
324,v3,1.0,0.0
325,v2,0.8569188553508428,0.0
325,v3,1.0,0.0
326,v2,0.8515351729498639,0.0
326,v3,1.0,0.0
327,v2,0.857365549493375,0.0
327,v3,1.0,0.0
328,v2,0.8571995239984134,0.0
328,v3,1.0,0.0
329,v2,0.8526315789473684,0.0
329,v3,1.0,0.0
330,v2,0.8593568384347152,0.0
330,v3,1.0,0.0
331,v2,0.8539370078740157,0.0
331,v3,1.0,0.0
332,v2,0.8536106750392465,0.0
332,v3,1.0,0.0
333,v2,0.8580896686159845,0.0
333,v3,1.0,0.0
334,v2,0.8583202511773941,0.0
334,v3,1.0,0.0
335,v2,0.8518518518518519,0.0
335,v3,1.0,0.0
336,v2,0.8527315914489311,0.0
336,v3,1.0,0.0
337,v2,0.855880092236741,0.0
337,v3,1.0,0.0
338,v2,0.8491464867010718,0.0
338,v3,1.0,0.0
339,v2,0.8475390156062425,0.0
339,v3,1.0,0.0
340,v2,0.8533333333333334,0.0
340,v3,1.0,0.0
341,v2,0.8555207517619421,0.0
341,v3,1.0,0.0
342,v2,0.8527011270890011,0.0
342,v3,1.0,0.0
343,v2,0.8550272798129385,0.0
343,v3,1.0,0.0
344,v2,0.8512204571871368,0.0
344,v3,1.0,0.0
345,v2,0.854296875,0.0
345,v3,1.0,0.0
346,v2,0.8528375733855186,0.0
346,v3,1.0,0.0
347,v2,0.8573108584868679,0.0
347,v3,1.0,0.0
348,v2,0.855908912446015,0.0
348,v3,1.0,0.0
349,v2,0.8548575887631682,0.0
349,v3,1.0,0.0
350,v2,0.8534176214934809,0.0
350,v3,1.0,0.0
351,v2,0.8509634290208415,0.0
351,v3,1.0,0.0
352,v2,0.8587592664845883,0.0
352,v3,1.0,0.0
353,v2,0.8557504873294347,0.0
353,v3,1.0,0.0
354,v2,0.8571979930528754,0.0
354,v3,1.0,0.0
355,v2,0.8600078647267008,0.0
355,v3,1.0,0.0
356,v2,0.8496327792810204,0.0
356,v3,1.0,0.0
357,v2,0.8549080954243253,0.0
357,v3,1.0,0.0
358,v2,0.8542635658914729,0.0
358,v3,1.0,0.0
359,v2,0.8489180834621329,0.0
359,v3,1.0,0.0
360,v2,0.8503875968992248,0.0
360,v3,1.0,0.0
361,v2,0.8506944444444444,0.0
361,v3,1.0,0.0
362,v2,0.8570315543435918,0.0
362,v3,1.0,0.0
363,v2,0.8544819557625145,0.0
363,v3,1.0,0.0
364,v2,0.8529988239905919,0.0
364,v3,1.0,0.0
365,v2,0.8545313107740179,0.0
365,v3,1.0,0.0
366,v2,0.8490566037735849,0.0
366,v3,1.0,0.0
367,v2,0.8527222875048962,0.0
367,v3,1.0,0.0
368,v2,0.8541586073500967,0.0
368,v3,1.0,0.0
369,v2,0.845732184808144,0.0
369,v3,1.0,0.0
370,v2,0.8550667714061273,0.0
370,v3,1.0,0.0
371,v2,0.8494996150885297,0.0
371,v3,1.0,0.0
372,v2,0.8553508428067425,0.0
372,v3,1.0,0.0
373,v2,0.850873786407767,0.0
373,v3,1.0,0.0
374,v2,0.8526645768025078,0.0
374,v3,1.0,0.0
375,v2,0.8561320754716981,0.0
375,v3,1.0,0.0
376,v2,0.8573099415204678,0.0
376,v3,1.0,0.0
377,v2,0.8518373729476153,0.0
377,v3,1.0,0.0
378,v2,0.8570885594830863,0.0
378,v3,1.0,0.0
379,v2,0.8531007751937985,0.0
379,v3,1.0,0.0
380,v2,0.8534010946051602,0.0
380,v3,1.0,0.0
381,v2,0.8615565115369573,0.0
381,v3,1.0,0.0
382,v2,0.8555772994129158,0.0
382,v3,1.0,0.0
383,v2,0.854680767724246,0.0
383,v3,1.0,0.0
384,v2,0.8517065515888583,0.0
384,v3,1.0,0.0
385,v2,0.8531576908175126,0.0
385,v3,1.0,0.0
386,v2,0.8489461358313818,0.0
386,v3,1.0,0.0
387,v2,0.8466981132075472,0.0
387,v3,1.0,0.0
388,v2,0.8549766718506998,0.0
388,v3,1.0,0.0
389,v2,0.8571428571428571,0.0
389,v3,1.0,0.0
390,v2,0.8504784688995215,0.0
390,v3,1.0,0.0
391,v2,0.851195065535852,0.0
391,v3,1.0,0.0
392,v2,0.8495887191539365,0.0
392,v3,1.0,0.0
393,v2,0.8556338028169014,0.0
393,v3,1.0,0.0
394,v2,0.8577637297510865,0.0
394,v3,1.0,0.0
395,v2,0.8593260188087775,0.0
395,v3,1.0,0.0
396,v2,0.8488645262333594,0.0
396,v3,1.0,0.0
397,v2,0.853078721745908,0.0
397,v3,1.0,0.0
398,v2,0.8481835564053537,0.0
398,v3,1.0,0.0
399,v2,0.8543537680593518,0.0
399,v3,1.0,0.0
400,v2,0.860248447204969,0.0
400,v3,1.0,0.0
401,v2,0.8492832235567609,0.0
401,v3,1.0,0.0
402,v2,0.8507692307692307,0.0
402,v3,1.0,0.0
403,v2,0.8522323192414065,0.0
403,v3,1.0,0.0
404,v2,0.856592135697764,0.0
404,v3,1.0,0.0
405,v2,0.8605191786129407,0.0
405,v3,1.0,0.0
406,v2,0.8531007751937985,0.0
406,v3,1.0,0.0
407,v2,0.8561912225705329,0.0
407,v3,1.0,0.0
408,v2,0.8548700038804812,0.0
408,v3,1.0,0.0
409,v2,0.8576967816983326,0.0
409,v3,1.0,0.0
410,v2,0.8567525370804059,0.0
410,v3,1.0,0.0
411,v2,0.8603461841070024,0.0
411,v3,1.0,0.0
412,v2,0.8556902620258114,0.0
412,v3,1.0,0.0
413,v2,0.8536209553158706,0.0
413,v3,1.0,0.0
414,v2,0.848496835443038,0.0
414,v3,1.0,0.0
415,v2,0.853384912959381,0.0
415,v3,1.0,0.0
416,v2,0.8529526789206101,0.0
416,v3,1.0,0.0
417,v2,0.8532969176746,0.0
417,v3,1.0,0.0
418,v2,0.8529980657640233,0.0
418,v3,1.0,0.0
419,v2,0.8465690053970701,0.0
419,v3,1.0,0.0
420,v2,0.8516377649325626,0.0
420,v3,1.0,0.0
421,v2,0.853125,0.0
421,v3,1.0,0.0
422,v2,0.8544031311154598,0.0
422,v3,1.0,0.0
423,v2,0.845703125,0.0
423,v3,1.0,0.0
424,v2,0.8547750591949487,0.0
424,v3,1.0,0.0
425,v2,0.8549202644885259,0.0
425,v3,1.0,0.0
426,v2,0.8517065515888583,0.0
426,v3,1.0,0.0
427,v2,0.8528505392912172,0.0
427,v3,1.0,0.0
428,v2,0.8525469168900804,0.0
428,v3,1.0,0.0
429,v2,0.8587681443703413,0.0
429,v3,1.0,0.0
430,v2,0.8556420233463035,0.0
430,v3,1.0,0.0
431,v2,0.8619883040935673,0.0
431,v3,1.0,0.0
432,v2,0.8547008547008547,0.0
432,v3,1.0,0.0
433,v2,0.8558951965065502,0.0
433,v3,1.0,0.0
434,v2,0.8600078647267008,0.0
434,v3,1.0,0.0
435,v2,0.8580392156862745,0.0
435,v3,1.0,0.0
436,v2,0.8620554904259476,0.0
436,v3,1.0,0.0
437,v2,0.8532182103610675,0.0
437,v3,1.0,0.0
438,v2,0.8537534033450019,0.0
438,v3,1.0,0.0
439,v2,0.854199066874028,0.0
439,v3,1.0,0.0
440,v2,0.8553042121684867,0.0
440,v3,1.0,0.0
441,v2,0.8556981719175418,0.0
441,v3,1.0,0.0
442,v2,0.8486715440893339,0.0
442,v3,1.0,0.0
443,v2,0.8487918939984411,0.0
443,v3,1.0,0.0
444,v2,0.8555900621118012,0.0
444,v3,1.0,0.0
445,v2,0.8553191489361702,0.0
445,v3,1.0,0.0
446,v2,0.8604923798358733,0.0
446,v3,1.0,0.0
447,v2,0.8524526844341445,0.0
447,v3,1.0,0.0
448,v2,0.856646058732612,0.0
448,v3,1.0,0.0
449,v2,0.8513725490196078,0.0
449,v3,1.0,0.0
450,v2,0.8513566653558788,0.0
450,v3,1.0,0.0
451,v2,0.8548513302034428,0.0
451,v3,1.0,0.0
452,v2,0.8535531998429525,0.0
452,v3,1.0,0.0
453,v2,0.8527463965718738,0.0
453,v3,1.0,0.0
454,v2,0.8501552795031055,0.0
454,v3,1.0,0.0
455,v2,0.8576498422712934,0.0
455,v3,1.0,0.0
456,v2,0.8541341653666147,0.0
456,v3,1.0,0.0
457,v2,0.8587771203155818,0.0
457,v3,1.0,0.0
458,v2,0.8580922595777951,0.0
458,v3,1.0,0.0
459,v2,0.8582494190549961,0.0
459,v3,1.0,0.0
460,v2,0.8559223300970874,0.0
460,v3,1.0,0.0
461,v2,0.8534883720930233,0.0
461,v3,1.0,0.0
462,v2,0.8528138528138528,0.0
462,v3,1.0,0.0
463,v2,0.8563622170179547,0.0
463,v3,1.0,0.0
464,v2,0.8516483516483516,0.0
464,v3,1.0,0.0
465,v2,0.8542557326078507,0.0
465,v3,1.0,0.0
466,v2,0.845707656612529,0.0
466,v3,1.0,0.0
467,v2,0.8566322478157268,0.0
467,v3,1.0,0.0
468,v2,0.8515198752922837,0.0
468,v3,1.0,0.0
469,v2,0.8498240125146657,0.0
469,v3,1.0,0.0
470,v2,0.8497109826589595,0.0
470,v3,1.0,0.0
471,v2,0.8497288923315259,0.0
471,v3,1.0,0.0
472,v2,0.8537066246056783,0.0
472,v3,1.0,0.0
473,v2,0.8549588396707174,0.0
473,v3,1.0,0.0
474,v2,0.8561938257131692,0.0
474,v3,1.0,0.0
475,v2,0.854863813229572,0.0
475,v3,1.0,0.0
476,v2,0.8476898981989037,0.0
476,v3,1.0,0.0
477,v2,0.8530225207427894,0.0
477,v3,1.0,0.0
478,v2,0.8483908491663436,0.0
478,v3,1.0,0.0
479,v2,0.8550552922590837,0.0
479,v3,1.0,0.0
480,v2,0.8568075117370892,0.0
480,v3,1.0,0.0
481,v2,0.853515625,0.0
481,v3,1.0,0.0
482,v2,0.855621301775148,0.0
482,v3,1.0,0.0
483,v2,0.8560188827694729,0.0
483,v3,1.0,0.0
484,v2,0.8581449727201871,0.0
484,v3,1.0,0.0
485,v2,0.8622872971903442,0.0
485,v3,1.0,0.0
486,v2,0.8566929133858268,0.0
486,v3,1.0,0.0
487,v2,0.8532357473035439,0.0
487,v3,1.0,0.0
488,v2,0.8507638072855465,0.0
488,v3,1.0,0.0
489,v2,0.8525490196078431,0.0
489,v3,1.0,0.0
490,v2,0.8536971134835903,0.0
490,v3,1.0,0.0
491,v2,0.8525490196078431,0.0
491,v3,1.0,0.0
492,v2,0.8557580457541683,0.0
492,v3,1.0,0.0
493,v2,0.8502715283165244,0.0
493,v3,1.0,0.0
494,v2,0.8610675039246468,0.0
494,v3,1.0,0.0
495,v2,0.8560813453265546,0.0
495,v3,1.0,0.0
496,v2,0.8555729984301413,0.0
496,v3,1.0,0.0
497,v2,0.8562992125984252,0.0
497,v3,1.0,0.0
498,v2,0.8565799842395587,0.0
498,v3,1.0,0.0
499,v2,0.8534072900158478,0.0
499,v3,1.0,0.0
500,v2,0.8546099290780141,0.0
500,v3,1.0,0.0
501,v2,0.8488957768306857,0.0
501,v3,1.0,0.0
502,v2,0.8579835229501765,0.0
502,v3,1.0,0.0
503,v2,0.8576498422712934,0.0
503,v3,1.0,0.0
504,v2,0.8539719626168224,0.0
504,v3,1.0,0.0
505,v2,0.857421875,0.0
505,v3,1.0,0.0
506,v2,0.8521235521235522,0.0
506,v3,1.0,0.0
507,v2,0.8481308411214953,0.0
507,v3,1.0,0.0
508,v2,0.8592650508209538,0.0
508,v3,1.0,0.0
509,v2,0.8617226728466589,0.0
509,v3,1.0,0.0
510,v2,0.8517946738710922,0.0
510,v3,1.0,0.0
511,v2,0.8538491598280579,0.0
511,v3,1.0,0.0
512,v2,0.8510307273434461,0.0
512,v3,1.0,0.0
513,v2,0.8498627989023912,0.0
513,v3,1.0,0.0
514,v2,0.8533129069322098,0.0
514,v3,1.0,0.0
515,v2,0.8561964146531567,0.0
515,v3,1.0,0.0
516,v2,0.8614363778298204,0.0
516,v3,1.0,0.0
517,v2,0.8512682551883167,0.0
517,v3,1.0,0.0
518,v2,0.851937984496124,0.0
518,v3,1.0,0.0
519,v2,0.8514774494556765,0.0
519,v3,1.0,0.0
520,v2,0.8552175587216019,0.0
520,v3,1.0,0.0
521,v2,0.8495887191539365,0.0
521,v3,1.0,0.0
522,v2,0.8552580519984478,0.0
522,v3,1.0,0.0
523,v2,0.852586542201478,0.0
523,v3,1.0,0.0
524,v2,0.8481409001956948,0.0
524,v3,1.0,0.0
525,v2,0.8569200779727095,0.0
525,v3,1.0,0.0
526,v2,0.8553882725832013,0.0
526,v3,1.0,0.0
527,v2,0.8559156579461148,0.0
527,v3,1.0,0.0
528,v2,0.8462715105162524,0.0
528,v3,1.0,0.0
529,v2,0.8548513302034428,0.0
529,v3,1.0,0.0
530,v2,0.8540688575899843,0.0
530,v3,1.0,0.0
531,v2,0.853328173374613,0.0
531,v3,1.0,0.0
532,v2,0.855072463768116,0.0
532,v3,1.0,0.0
533,v2,0.8550557477893118,0.0
533,v3,1.0,0.0
534,v2,0.8550444530344028,0.0
534,v3,1.0,0.0
535,v2,0.8531714956930305,0.0
535,v3,1.0,0.0
536,v2,0.8563579277864992,0.0
536,v3,1.0,0.0
537,v2,0.8536776212832551,0.0
537,v3,1.0,0.0
538,v2,0.8541423570595099,0.0
538,v3,1.0,0.0
539,v2,0.8569218870843001,0.0
539,v3,1.0,0.0
540,v2,0.8625893566322478,0.0
540,v3,1.0,0.0
541,v2,0.8519953506392871,0.0
541,v3,1.0,0.0
542,v2,0.8616157711635098,0.0
542,v3,1.0,0.0
543,v2,0.857860177674778,0.0
543,v3,1.0,0.0
544,v2,0.852561595619867,0.0
544,v3,1.0,0.0
545,v2,0.8517509727626459,0.0
545,v3,1.0,0.0
546,v2,0.8523515805705474,0.0
546,v3,1.0,0.0
547,v2,0.8532145623547638,0.0
547,v3,1.0,0.0
548,v2,0.8542478565861262,0.0
548,v3,1.0,0.0
549,v2,0.8516053249804229,0.0
549,v3,1.0,0.0
550,v2,0.8530214424951267,0.0
550,v3,1.0,0.0
551,v2,0.8497131931166348,0.0
551,v3,1.0,0.0
552,v2,0.852317360565593,0.0
552,v3,1.0,0.0
553,v2,0.8524911730090231,0.0
553,v3,1.0,0.0
554,v2,0.8550667714061273,0.0
554,v3,1.0,0.0
555,v2,0.8572539867755737,0.0
555,v3,1.0,0.0
556,v2,0.8588098016336057,0.0
556,v3,1.0,0.0
557,v2,0.8500193274062621,0.0
557,v3,1.0,0.0
558,v2,0.8519510328997705,0.0
558,v3,1.0,0.0
559,v2,0.8544674209910261,0.0
559,v3,1.0,0.0
560,v2,0.8565217391304348,0.0
560,v3,1.0,0.0
561,v2,0.8578217821782178,0.0
561,v3,1.0,0.0
562,v2,0.8544031311154598,0.0
562,v3,1.0,0.0
563,v2,0.8531007751937985,0.0
563,v3,1.0,0.0
564,v2,0.8537899191996922,0.0
564,v3,1.0,0.0
565,v2,0.8557059961315281,0.0
565,v3,1.0,0.0
566,v2,0.8449490994518403,0.0
566,v3,1.0,0.0
567,v2,0.8530805687203792,0.0
567,v3,1.0,0.0
568,v2,0.8538310412573674,0.0
568,v3,1.0,0.0
569,v2,0.8489603766182817,0.0
569,v3,1.0,0.0
570,v2,0.8570321580782643,0.0
570,v3,1.0,0.0
571,v2,0.859083850931677,0.0
571,v3,1.0,0.0
572,v2,0.8563643441027637,0.0
572,v3,1.0,0.0
573,v2,0.8555729984301413,0.0
573,v3,1.0,0.0
574,v2,0.8465996908809892,0.0
574,v3,1.0,0.0
575,v2,0.8528389339513326,0.0
575,v3,1.0,0.0
576,v2,0.853897375636506,0.0
576,v3,1.0,0.0
577,v2,0.8518518518518519,0.0
577,v3,1.0,0.0
578,v2,0.8542307692307692,0.0
578,v3,1.0,0.0
579,v2,0.8472983555207517,0.0
579,v3,1.0,0.0
580,v2,0.8519660755589823,0.0
580,v3,1.0,0.0
581,v2,0.8486024844720497,0.0
581,v3,1.0,0.0
582,v2,0.8534684333593141,0.0
582,v3,1.0,0.0
583,v2,0.8492032646715896,0.0
583,v3,1.0,0.0
584,v2,0.8542812254516889,0.0
584,v3,1.0,0.0
585,v2,0.8559190031152648,0.0
585,v3,1.0,0.0
586,v2,0.8592708741669933,0.0
586,v3,1.0,0.0
587,v2,0.8522593320235756,0.0
587,v3,1.0,0.0
588,v2,0.8582060321190756,0.0
588,v3,1.0,0.0
589,v2,0.860968885387948,0.0
589,v3,1.0,0.0
590,v2,0.850294695481336,0.0
590,v3,1.0,0.0
591,v2,0.8548009367681498,0.0
591,v3,1.0,0.0
592,v2,0.8533491874752279,0.0
592,v3,1.0,0.0
593,v2,0.8575924468922108,0.0
593,v3,1.0,0.0
594,v2,0.8471090415211486,0.0
594,v3,1.0,0.0
595,v2,0.8532182103610675,0.0
595,v3,1.0,0.0
596,v2,0.853411306042885,0.0
596,v3,1.0,0.0
597,v2,0.8609271523178808,0.0
597,v3,1.0,0.0
598,v2,0.8579192546583851,0.0
598,v3,1.0,0.0
599,v2,0.8540348101265823,0.0
599,v3,1.0,0.0
600,v2,0.8526522593320236,0.0
600,v3,1.0,0.0
601,v2,0.858094864758918,0.0
601,v3,1.0,0.0
602,v2,0.8549407114624505,0.0
602,v3,1.0,0.0
603,v2,0.8554027504911591,0.0
603,v3,1.0,0.0
604,v2,0.8502758077226162,0.0
604,v3,1.0,0.0
605,v2,0.8520569620253164,0.0
605,v3,1.0,0.0
606,v2,0.855984555984556,0.0
606,v3,1.0,0.0
607,v2,0.8499216300940439,0.0
607,v3,1.0,0.0
608,v2,0.8561964146531567,0.0
608,v3,1.0,0.0
609,v2,0.8555511341026661,0.0
609,v3,1.0,0.0
610,v2,0.8529988239905919,0.0
610,v3,1.0,0.0
611,v2,0.8509219301686936,0.0
611,v3,1.0,0.0
612,v2,0.8596078431372549,0.0
612,v3,1.0,0.0
613,v2,0.8575310559006211,0.0
613,v3,1.0,0.0
614,v2,0.8520825223822499,0.0
614,v3,1.0,0.0
615,v2,0.8539545810493344,0.0
615,v3,1.0,0.0
616,v2,0.8617601246105919,0.0
616,v3,1.0,0.0
617,v2,0.8531359563693027,0.0
617,v3,1.0,0.0
618,v2,0.8520267611176702,0.0
618,v3,1.0,0.0
619,v2,0.8541341653666147,0.0
619,v3,1.0,0.0
620,v2,0.8621513944223107,0.0
620,v3,1.0,0.0
621,v2,0.8453447604207246,0.0
621,v3,1.0,0.0
622,v2,0.8513992905005913,0.0
622,v3,1.0,0.0
623,v2,0.8625,0.0
623,v3,1.0,0.0
624,v2,0.8504854368932039,0.0
624,v3,1.0,0.0
625,v2,0.852536374360991,0.0
625,v3,1.0,0.0
626,v2,0.8562401263823065,0.0
626,v3,1.0,0.0
627,v2,0.8588884509262908,0.0
627,v3,1.0,0.0
628,v2,0.8534176214934809,0.0
628,v3,1.0,0.0
629,v2,0.8500581170089113,0.0
629,v3,1.0,0.0
630,v2,0.8546603475513428,0.0
630,v3,1.0,0.0
631,v2,0.8586530931871574,0.0
631,v3,1.0,0.0
632,v2,0.8532863849765259,0.0
632,v3,1.0,0.0
633,v2,0.8536870854467421,0.0
633,v3,1.0,0.0
634,v2,0.8506109578242018,0.0
634,v3,1.0,0.0
635,v2,0.8552787663107948,0.0
635,v3,1.0,0.0
636,v2,0.8571984435797665,0.0
636,v3,1.0,0.0
637,v2,0.8562992125984252,0.0
637,v3,1.0,0.0
638,v2,0.8516483516483516,0.0
638,v3,1.0,0.0
639,v2,0.8562524347487339,0.0
639,v3,1.0,0.0
640,v2,0.860410094637224,0.0
640,v3,1.0,0.0
641,v2,0.8507109004739336,0.0
641,v3,1.0,0.0
642,v2,0.8563622170179547,0.0
642,v3,1.0,0.0
643,v2,0.8517214397496088,0.0
643,v3,1.0,0.0
644,v2,0.8531791907514451,0.0
644,v3,1.0,0.0
645,v2,0.8587170405352224,0.0
645,v3,1.0,0.0
646,v2,0.8507347254447022,0.0
646,v3,1.0,0.0
647,v2,0.8545313107740179,0.0
647,v3,1.0,0.0
648,v2,0.8528018942383583,0.0
648,v3,1.0,0.0
649,v2,0.8536395484624367,0.0
649,v3,1.0,0.0
650,v2,0.854043392504931,0.0
650,v3,1.0,0.0
651,v2,0.8510220125786163,0.0
651,v3,1.0,0.0
652,v2,0.8561886051080551,0.0
652,v3,1.0,0.0
653,v2,0.8557617942768755,0.0
653,v3,1.0,0.0
654,v2,0.855859375,0.0
654,v3,1.0,0.0
655,v2,0.8509803921568627,0.0
655,v3,1.0,0.0
656,v2,0.8539282990083905,0.0
656,v3,1.0,0.0
657,v2,0.8510307273434461,0.0
657,v3,1.0,0.0
658,v2,0.8558487593540764,0.0
658,v3,1.0,0.0
659,v2,0.8543200309957381,0.0
659,v3,1.0,0.0
660,v2,0.8561912225705329,0.0
660,v3,1.0,0.0
661,v2,0.8547880690737834,0.0
661,v3,1.0,0.0
662,v2,0.8558246828143022,0.0
662,v3,1.0,0.0
663,v2,0.850390625,0.0
663,v3,1.0,0.0
664,v2,0.8533541341653667,0.0
664,v3,1.0,0.0
665,v2,0.8486024844720497,0.0
665,v3,1.0,0.0
666,v2,0.8507874015748031,0.0
666,v3,1.0,0.0
667,v2,0.8589243959469992,0.0
667,v3,1.0,0.0
668,v2,0.8532289628180039,0.0
668,v3,1.0,0.0
669,v2,0.8458823529411764,0.0
669,v3,1.0,0.0
670,v2,0.8516634050880626,0.0
670,v3,1.0,0.0
671,v2,0.8553042121684867,0.0
671,v3,1.0,0.0
672,v2,0.8514040561622465,0.0
672,v3,1.0,0.0
673,v2,0.8496299181924425,0.0
673,v3,1.0,0.0
674,v2,0.851335656213705,0.0
674,v3,1.0,0.0
675,v2,0.8560666137985725,0.0
675,v3,1.0,0.0
676,v2,0.855078125,0.0
676,v3,1.0,0.0
677,v2,0.8579277864992151,0.0
677,v3,1.0,0.0
678,v2,0.8556026184058529,0.0
678,v3,1.0,0.0
679,v2,0.8576443057722309,0.0
679,v3,1.0,0.0
680,v2,0.8570300157977883,0.0
680,v3,1.0,0.0
681,v2,0.8497652582159625,0.0
681,v3,1.0,0.0
682,v2,0.8534583821805393,0.0
682,v3,1.0,0.0
683,v2,0.8574784651527017,0.0
683,v3,1.0,0.0
684,v2,0.8559654631083202,0.0
684,v3,1.0,0.0
685,v2,0.8527222875048962,0.0
685,v3,1.0,0.0
686,v2,0.8577603143418467,0.0
686,v3,1.0,0.0
687,v2,0.8527938342967245,0.0
687,v3,1.0,0.0
688,v2,0.859344894026975,0.0
688,v3,1.0,0.0
689,v2,0.8553557466770915,0.0
689,v3,1.0,0.0
690,v2,0.8575353218210361,0.0
690,v3,1.0,0.0
691,v2,0.853364449630494,0.0
691,v3,1.0,0.0
692,v2,0.8542070569988368,0.0
692,v3,1.0,0.0
693,v2,0.856414280109847,0.0
693,v3,1.0,0.0
694,v2,0.8552529182879377,0.0
694,v3,1.0,0.0
695,v2,0.8543913713405239,0.0
695,v3,1.0,0.0
696,v2,0.853411306042885,0.0
696,v3,1.0,0.0
697,v2,0.853411306042885,0.0
697,v3,1.0,0.0
698,v2,0.8572549019607844,0.0
698,v3,1.0,0.0
699,v2,0.845380749903363,0.0
699,v3,1.0,0.0
700,v2,0.8556338028169014,0.0
700,v3,1.0,0.0
701,v2,0.8499804151978065,0.0
701,v3,1.0,0.0
702,v2,0.8573103987490227,0.0
702,v3,1.0,0.0
703,v2,0.8548073180225769,0.0
703,v3,1.0,0.0
704,v2,0.8537534033450019,0.0
704,v3,1.0,0.0
705,v2,0.857365549493375,0.0
705,v3,1.0,0.0
706,v2,0.8556902620258114,0.0
706,v3,1.0,0.0
707,v2,0.8568672839506173,0.0
707,v3,1.0,0.0
708,v2,0.8556379243074522,0.0
708,v3,1.0,0.0
709,v2,0.8549141965678627,0.0
709,v3,1.0,0.0
710,v2,0.8533228470310656,0.0
710,v3,1.0,0.0
711,v2,0.8552890287062525,0.0
711,v3,1.0,0.0
712,v2,0.8584758942457231,0.0
712,v3,1.0,0.0
713,v2,0.8545382481173206,0.0
713,v3,1.0,0.0
714,v2,0.8603395061728395,0.0
714,v3,1.0,0.0
715,v2,0.8566447113521891,0.0
715,v3,1.0,0.0
716,v2,0.8583690987124464,0.0
716,v3,1.0,0.0
717,v2,0.859204368174727,0.0
717,v3,1.0,0.0
718,v2,0.8550387596899225,0.0
718,v3,1.0,0.0
719,v2,0.8553606237816764,0.0
719,v3,1.0,0.0
720,v2,0.8588007736943907,0.0
720,v3,1.0,0.0
721,v2,0.851213782302271,0.0
721,v3,1.0,0.0
722,v2,0.8480963480963482,0.0
722,v3,1.0,0.0
723,v2,0.8566350710900474,0.0
723,v3,1.0,0.0
724,v2,0.8521536670547147,0.0
724,v3,1.0,0.0
725,v2,0.8602533650039589,0.0
725,v3,1.0,0.0
726,v2,0.857755261106781,0.0
726,v3,1.0,0.0
727,v2,0.8545382481173206,0.0
727,v3,1.0,0.0
728,v2,0.8561457929430012,0.0
728,v3,1.0,0.0
729,v2,0.8558698179000388,0.0
729,v3,1.0,0.0
730,v2,0.8583202511773941,0.0
730,v3,1.0,0.0
731,v2,0.8518805738658395,0.0
731,v3,1.0,0.0
732,v2,0.8565965583173997,0.0
732,v3,1.0,0.0
733,v2,0.8507229386479094,0.0
733,v3,1.0,0.0
734,v2,0.8587681443703413,0.0
734,v3,1.0,0.0
735,v2,0.8541341653666147,0.0
735,v3,1.0,0.0
736,v2,0.8528842431281456,0.0
736,v3,1.0,0.0
737,v2,0.8527011270890011,0.0
737,v3,1.0,0.0
738,v2,0.852394143252869,0.0
738,v3,1.0,0.0
739,v2,0.859758472925594,0.0
739,v3,1.0,0.0
740,v2,0.8610567514677103,0.0
740,v3,1.0,0.0
741,v2,0.8529641185647426,0.0
741,v3,1.0,0.0
742,v2,0.8469945355191257,0.0
742,v3,1.0,0.0
743,v2,0.8506061791161518,0.0
743,v3,1.0,0.0
744,v2,0.8535353535353535,0.0
744,v3,1.0,0.0
745,v2,0.8473459899263851,0.0
745,v3,1.0,0.0
746,v2,0.85234375,0.0
746,v3,1.0,0.0
747,v2,0.8535630383711824,0.0
747,v3,1.0,0.0
748,v2,0.8509984639016898,0.0
748,v3,1.0,0.0
749,v2,0.8603744149765991,0.0
749,v3,1.0,0.0
750,v2,0.8530549110595514,0.0
750,v3,1.0,0.0
751,v2,0.8544378698224852,0.0
751,v3,1.0,0.0
752,v2,0.8520849724626278,0.0
752,v3,1.0,0.0
753,v2,0.8483908491663436,0.0
753,v3,1.0,0.0
754,v2,0.8520686963309914,0.0
754,v3,1.0,0.0
755,v2,0.8541423570595099,0.0
755,v3,1.0,0.0
756,v2,0.8518518518518519,0.0
756,v3,1.0,0.0
757,v2,0.8580819798917246,0.0
757,v3,1.0,0.0
758,v2,0.8565846033606878,0.0
758,v3,1.0,0.0
759,v2,0.8524271844660194,0.0
759,v3,1.0,0.0
760,v2,0.8553557466770915,0.0
760,v3,1.0,0.0
761,v2,0.8582554517133957,0.0
761,v3,1.0,0.0
762,v2,0.8587726199842644,0.0
762,v3,1.0,0.0
763,v2,0.8607296979207533,0.0
763,v3,1.0,0.0
764,v2,0.8528257456828885,0.0
764,v3,1.0,0.0
765,v2,0.8561484918793504,0.0
765,v3,1.0,0.0
766,v2,0.8538102643856921,0.0
766,v3,1.0,0.0
767,v2,0.85390625,0.0
767,v3,1.0,0.0
768,v2,0.8524844720496895,0.0
768,v3,1.0,0.0
769,v2,0.856974921630094,0.0
769,v3,1.0,0.0
770,v2,0.8527679623085983,0.0
770,v3,1.0,0.0
771,v2,0.8523698523698524,0.0
771,v3,1.0,0.0
772,v2,0.8532182103610675,0.0
772,v3,1.0,0.0
773,v2,0.8537441497659907,0.0
773,v3,1.0,0.0
774,v2,0.8532608695652174,0.0
774,v3,1.0,0.0
775,v2,0.850705329153605,0.0
775,v3,1.0,0.0
776,v2,0.855621301775148,0.0
776,v3,1.0,0.0
777,v2,0.8545526212061489,0.0
777,v3,1.0,0.0
778,v2,0.8528018942383583,0.0
778,v3,1.0,0.0
779,v2,0.8571992110453649,0.0
779,v3,1.0,0.0
780,v2,0.8530824659727783,0.0
780,v3,1.0,0.0
781,v2,0.8531007751937985,0.0
781,v3,1.0,0.0
782,v2,0.8531605810757754,0.0
782,v3,1.0,0.0
783,v2,0.8501170960187353,0.0
783,v3,1.0,0.0
784,v2,0.8551456310679612,0.0
784,v3,1.0,0.0
785,v2,0.8517934568387859,0.0
785,v3,1.0,0.0
786,v2,0.852126414358174,0.0
786,v3,1.0,0.0
787,v2,0.8568611987381703,0.0
787,v3,1.0,0.0
788,v2,0.8561989895064127,0.0
788,v3,1.0,0.0
789,v2,0.8543613707165109,0.0
789,v3,1.0,0.0
790,v2,0.8554595443833464,0.0
790,v3,1.0,0.0
791,v2,0.8600078647267008,0.0
791,v3,1.0,0.0
792,v2,0.8545454545454545,0.0
792,v3,1.0,0.0
793,v2,0.851213782302271,0.0
793,v3,1.0,0.0
794,v2,0.853125,0.0
794,v3,1.0,0.0
795,v2,0.8457120980091883,0.0
795,v3,1.0,0.0
796,v2,0.8536299765807962,0.0
796,v3,1.0,0.0
797,v2,0.8555295950155763,0.0
797,v3,1.0,0.0
798,v2,0.8528257456828885,0.0
798,v3,1.0,0.0
799,v2,0.8588052754072925,0.0
799,v3,1.0,0.0
800,v2,0.8523255813953489,0.0
800,v3,1.0,0.0
801,v2,0.8586017282010998,0.0
801,v3,1.0,0.0
802,v2,0.8566966028894963,0.0
802,v3,1.0,0.0
803,v2,0.8578760363205685,0.0
803,v3,1.0,0.0
804,v2,0.8513725490196078,0.0
804,v3,1.0,0.0
805,v2,0.8455538221528861,0.0
805,v3,1.0,0.0
806,v2,0.850682261208577,0.0
806,v3,1.0,0.0
807,v2,0.8501362397820164,0.0
807,v3,1.0,0.0
808,v2,0.8574775478328778,0.0
808,v3,1.0,0.0
809,v2,0.851953125,0.0
809,v3,1.0,0.0
810,v2,0.854199066874028,0.0
810,v3,1.0,0.0
811,v2,0.8494917904612979,0.0
811,v3,1.0,0.0
812,v2,0.8576470588235294,0.0
812,v3,1.0,0.0
813,v2,0.8530326594090202,0.0
813,v3,1.0,0.0
814,v2,0.8597442851607904,0.0
814,v3,1.0,0.0
815,v2,0.8551456310679612,0.0
815,v3,1.0,0.0
816,v2,0.8547008547008547,0.0
816,v3,1.0,0.0
817,v2,0.8647909339585775,0.0
817,v3,1.0,0.0
818,v2,0.8538011695906432,0.0
818,v3,1.0,0.0
819,v2,0.8560095200317335,0.0
819,v3,1.0,0.0
820,v2,0.8531714956930305,0.0
820,v3,1.0,0.0
821,v2,0.8521431380259537,0.0
821,v3,1.0,0.0
822,v2,0.8514506769825919,0.0
822,v3,1.0,0.0
823,v2,0.8571428571428571,0.0
823,v3,1.0,0.0
824,v2,0.8516483516483516,0.0
824,v3,1.0,0.0
825,v2,0.846839860411012,0.0
825,v3,1.0,0.0
826,v2,0.8549528301886793,0.0
826,v3,1.0,0.0
827,v2,0.8556338028169014,0.0
827,v3,1.0,0.0
828,v2,0.8540117416829746,0.0
828,v3,1.0,0.0
829,v2,0.8521840873634945,0.0
829,v3,1.0,0.0
830,v2,0.8519660755589823,0.0
830,v3,1.0,0.0
831,v2,0.8534214618973561,0.0
831,v3,1.0,0.0
832,v2,0.8515594157125937,0.0
832,v3,1.0,0.0
833,v2,0.8519388954171563,0.0
833,v3,1.0,0.0
834,v2,0.855278310940499,0.0
834,v3,1.0,0.0
835,v2,0.855191256830601,0.0
835,v3,1.0,0.0
836,v2,0.8551587301587301,0.0
836,v3,1.0,0.0
837,v2,0.8577013291634089,0.0
837,v3,1.0,0.0
838,v2,0.8572549019607844,0.0
838,v3,1.0,0.0
839,v2,0.853515625,0.0
839,v3,1.0,0.0
840,v2,0.8507404520654716,0.0
840,v3,1.0,0.0
841,v2,0.8573081372927112,0.0
841,v3,1.0,0.0
842,v2,0.85703125,0.0
842,v3,1.0,0.0
843,v2,0.8512720156555773,0.0
843,v3,1.0,0.0
844,v2,0.8590138674884438,0.0
844,v3,1.0,0.0
845,v2,0.859758472925594,0.0
845,v3,1.0,0.0
846,v2,0.8544600938967136,0.0
846,v3,1.0,0.0
847,v2,0.8564182598517363,0.0
847,v3,1.0,0.0
848,v2,0.8557919621749409,0.0
848,v3,1.0,0.0
849,v2,0.8549262994569433,0.0
849,v3,1.0,0.0
850,v2,0.8542812254516889,0.0
850,v3,1.0,0.0
851,v2,0.8498439937597504,0.0
851,v3,1.0,0.0
852,v2,0.8570873786407767,0.0
852,v3,1.0,0.0
853,v2,0.8547880690737834,0.0
853,v3,1.0,0.0
854,v2,0.8533437622213531,0.0
854,v3,1.0,0.0
855,v2,0.8513302034428795,0.0
855,v3,1.0,0.0
856,v2,0.8538193098100039,0.0
856,v3,1.0,0.0
857,v2,0.8570872274143302,0.0
857,v3,1.0,0.0
858,v2,0.8522243713733075,0.0
858,v3,1.0,0.0
859,v2,0.8579881656804734,0.0
859,v3,1.0,0.0
860,v2,0.8561320754716981,0.0
860,v3,1.0,0.0
861,v2,0.8546099290780141,0.0
861,v3,1.0,0.0
862,v2,0.8578640776699029,0.0
862,v3,1.0,0.0
863,v2,0.8493526873283641,0.0
863,v3,1.0,0.0
864,v2,0.8555772994129158,0.0
864,v3,1.0,0.0
865,v2,0.8489521550019771,0.0
865,v3,1.0,0.0
866,v2,0.8533805031446541,0.0
866,v3,1.0,0.0
867,v2,0.8547945205479452,0.0
867,v3,1.0,0.0
868,v2,0.8579256360078278,0.0
868,v3,1.0,0.0
869,v2,0.8508158508158508,0.0
869,v3,1.0,0.0
870,v2,0.8526112185686654,0.0
870,v3,1.0,0.0
871,v2,0.8584349193865514,0.0
871,v3,1.0,0.0
872,v2,0.8507578701904391,0.0
872,v3,1.0,0.0
873,v2,0.8565217391304348,0.0
873,v3,1.0,0.0
874,v2,0.8481757551981169,0.0
874,v3,1.0,0.0
875,v2,0.8559190031152648,0.0
875,v3,1.0,0.0
876,v2,0.8549262994569433,0.0
876,v3,1.0,0.0
877,v2,0.8603744149765991,0.0
877,v3,1.0,0.0
878,v2,0.8551805337519623,0.0
878,v3,1.0,0.0
879,v2,0.8532357473035439,0.0
879,v3,1.0,0.0
880,v2,0.8501960784313726,0.0
880,v3,1.0,0.0
881,v2,0.857365549493375,0.0
881,v3,1.0,0.0
882,v2,0.8506594259115593,0.0
882,v3,1.0,0.0
883,v2,0.8467238689547582,0.0
883,v3,1.0,0.0
884,v2,0.8558282208588958,0.0
884,v3,1.0,0.0
885,v2,0.8531714956930305,0.0
885,v3,1.0,0.0
886,v2,0.854296875,0.0
886,v3,1.0,0.0
887,v2,0.8542070569988368,0.0
887,v3,1.0,0.0
888,v2,0.8548575887631682,0.0
888,v3,1.0,0.0
889,v2,0.8553702985653354,0.0
889,v3,1.0,0.0
890,v2,0.8482520169035728,0.0
890,v3,1.0,0.0
891,v2,0.8581449727201871,0.0
891,v3,1.0,0.0
892,v2,0.8555207517619421,0.0
892,v3,1.0,0.0
893,v2,0.8539458186101295,0.0
893,v3,1.0,0.0
894,v2,0.8518225039619651,0.0
894,v3,1.0,0.0
895,v2,0.8496835443037974,0.0
895,v3,1.0,0.0
896,v2,0.8526732673267327,0.0
896,v3,1.0,0.0
897,v2,0.8517934568387859,0.0
897,v3,1.0,0.0
898,v2,0.8595594020456334,0.0
898,v3,1.0,0.0
899,v2,0.8576470588235294,0.0
899,v3,1.0,0.0
900,v2,0.8534214618973561,0.0
900,v3,1.0,0.0
901,v2,0.851195065535852,0.0
901,v3,1.0,0.0
902,v2,0.8525345622119815,0.0
902,v3,1.0,0.0
903,v2,0.858712715855573,0.0
903,v3,1.0,0.0
904,v2,0.8575949367088608,0.0
904,v3,1.0,0.0
905,v2,0.8558766859344894,0.0
905,v3,1.0,0.0
906,v2,0.8591931730023273,0.0
906,v3,1.0,0.0
907,v2,0.8525028658769583,0.0
907,v3,1.0,0.0
908,v2,0.8556782334384858,0.0
908,v3,1.0,0.0
909,v2,0.8519953506392871,0.0
909,v3,1.0,0.0
910,v2,0.8540604158493527,0.0
910,v3,1.0,0.0
911,v2,0.8560157790927022,0.0
911,v3,1.0,0.0
912,v2,0.8498253783469151,0.0
912,v3,1.0,0.0
913,v2,0.8420031055900621,0.0
913,v3,1.0,0.0
914,v2,0.8473705021747726,0.0
914,v3,1.0,0.0
915,v2,0.8577586206896551,0.0
915,v3,1.0,0.0
916,v2,0.855072463768116,0.0
916,v3,1.0,0.0
917,v2,0.8685872138910813,0.0
917,v3,1.0,0.0
918,v2,0.8468861562871877,0.0
918,v3,1.0,0.0
919,v2,0.8596153846153847,0.0
919,v3,1.0,0.0
920,v2,0.8520267611176702,0.0
920,v3,1.0,0.0
921,v2,0.8558103381267004,0.0
921,v3,1.0,0.0
922,v2,0.8534653465346534,0.0
922,v3,1.0,0.0
923,v2,0.8513725490196078,0.0
923,v3,1.0,0.0
924,v2,0.8569744597249509,0.0
924,v3,1.0,0.0
925,v2,0.856078431372549,0.0
925,v3,1.0,0.0
926,v2,0.85134607881389,0.0
926,v3,1.0,0.0
927,v2,0.859504132231405,0.0
927,v3,1.0,0.0
928,v2,0.8544819557625145,0.0
928,v3,1.0,0.0
929,v2,0.8519827247742442,0.0
929,v3,1.0,0.0
930,v2,0.8561964146531567,0.0
930,v3,1.0,0.0
931,v2,0.8564668769716088,0.0
931,v3,1.0,0.0
932,v2,0.8554733151538761,0.0
932,v3,1.0,0.0
933,v2,0.8550330353672756,0.0
933,v3,1.0,0.0
934,v2,0.859105180533752,0.0
934,v3,1.0,0.0
935,v2,0.8610023492560689,0.0
935,v3,1.0,0.0
936,v2,0.8510220125786163,0.0
936,v3,1.0,0.0
937,v2,0.8610236220472441,0.0
937,v3,1.0,0.0
938,v2,0.8534856242615203,0.0
938,v3,1.0,0.0
939,v2,0.8519660755589823,0.0
939,v3,1.0,0.0
940,v2,0.861198738170347,0.0
940,v3,1.0,0.0
941,v2,0.8549202644885259,0.0
941,v3,1.0,0.0
942,v2,0.8498638661999222,0.0
942,v3,1.0,0.0
943,v2,0.8499413833528722,0.0
943,v3,1.0,0.0
944,v2,0.8562426152028357,0.0
944,v3,1.0,0.0
945,v2,0.8575289575289575,0.0
945,v3,1.0,0.0
946,v2,0.860210855134713,0.0
946,v3,1.0,0.0
947,v2,0.853963295587661,0.0
947,v3,1.0,0.0
948,v2,0.8500778816199377,0.0
948,v3,1.0,0.0
949,v2,0.8552580519984478,0.0
949,v3,1.0,0.0
950,v2,0.852211016291699,0.0
950,v3,1.0,0.0
951,v2,0.8564796905222437,0.0
951,v3,1.0,0.0
952,v2,0.8576484467164766,0.0
952,v3,1.0,0.0
953,v2,0.8527918781725888,0.0
953,v3,1.0,0.0
954,v2,0.8560250391236307,0.0
954,v3,1.0,0.0
955,v2,0.8511646269245954,0.0
955,v3,1.0,0.0
956,v2,0.8579343094578552,0.0
956,v3,1.0,0.0
957,v2,0.8538310412573674,0.0
957,v3,1.0,0.0
958,v2,0.8515198752922837,0.0
958,v3,1.0,0.0
959,v2,0.852536374360991,0.0
959,v3,1.0,0.0
960,v2,0.8526192337763878,0.0
960,v3,1.0,0.0
961,v2,0.8594488188976378,0.0
961,v3,1.0,0.0
962,v2,0.8579234972677595,0.0
962,v3,1.0,0.0
963,v2,0.8532145623547638,0.0
963,v3,1.0,0.0
964,v2,0.8537428023032629,0.0
964,v3,1.0,0.0
965,v2,0.8556461001164144,0.0
965,v3,1.0,0.0
966,v2,0.8510301109350238,0.0
966,v3,1.0,0.0
967,v2,0.8523698523698524,0.0
967,v3,1.0,0.0
968,v2,0.8590551181102363,0.0
968,v3,1.0,0.0
969,v2,0.8589793533307363,0.0
969,v3,1.0,0.0
970,v2,0.8539325842696629,0.0
970,v3,1.0,0.0
971,v2,0.8507173322993409,0.0
971,v3,1.0,0.0
972,v2,0.8552477565353102,0.0
972,v3,1.0,0.0
973,v2,0.8541176470588235,0.0
973,v3,1.0,0.0
974,v2,0.8487727632620744,0.0
974,v3,1.0,0.0
975,v2,0.8582002337358785,0.0
975,v3,1.0,0.0
976,v2,0.8500784929356358,0.0
976,v3,1.0,0.0
977,v2,0.856974921630094,0.0
977,v3,1.0,0.0
978,v2,0.8495746326372776,0.0
978,v3,1.0,0.0
979,v2,0.8510802469135802,0.0
979,v3,1.0,0.0
980,v2,0.8532073986619442,0.0
980,v3,1.0,0.0
981,v2,0.8493952399531799,0.0
981,v3,1.0,0.0
982,v2,0.8524332810047096,0.0
982,v3,1.0,0.0
983,v2,0.8577654516640254,0.0
983,v3,1.0,0.0
984,v2,0.8565861262665627,0.0
984,v3,1.0,0.0
985,v2,0.8502377179080824,0.0
985,v3,1.0,0.0
986,v2,0.8551587301587301,0.0
986,v3,1.0,0.0
987,v2,0.854757281553398,0.0
987,v3,1.0,0.0
988,v2,0.8448275862068966,0.0
988,v3,1.0,0.0
989,v2,0.8515901060070671,0.0
989,v3,1.0,0.0
990,v2,0.8534583821805393,0.0
990,v3,1.0,0.0
991,v2,0.8628526645768025,0.0
991,v3,1.0,0.0
992,v2,0.8549707602339182,0.0
992,v3,1.0,0.0
993,v2,0.8545098039215686,0.0
993,v3,1.0,0.0
994,v2,0.854199066874028,0.0
994,v3,1.0,0.0
995,v2,0.856137607505864,0.0
995,v3,1.0,0.0
996,v2,0.8544600938967136,0.0
996,v3,1.0,0.0
997,v2,0.852975495915986,0.0
997,v3,1.0,0.0
998,v2,0.8546941955590183,0.0
998,v3,1.0,0.0
999,v2,0.8551696921862668,0.0
999,v3,1.0,0.0
